Week,Team,Player,Pos,OffSnaps,DefSnaps,STSnaps,TotalSnaps
1,Cardinals,Jon Gaines II,OG,72,0,7,79
1,Cardinals,Elijah Wilkinson,OT,72,0,7,79
1,Cardinals,Paris Johnson Jr.,OT,72,0,7,79
1,Cardinals,Hjalte Froholdt,C,72,0,0,72
1,Cardinals,Jacoby Brissett,QB,72,0,0,72
1,Cardinals,Isaac Seumalo,OG,69,0,7,76
1,Cardinals,Michael Wilson,WR,61,0,0,61
1,Cardinals,Trey McBride,TE,57,0,0,57
1,Cardinals,Marvin Harrison Jr.,WR,56,0,0,56
1,Cardinals,Kendrick Bourne,WR,47,0,0,47
1,Cardinals,Tyler Allgeier,RB,41,0,0,41
1,Cardinals,Jeremiyah Love,RB,32,0,0,32
1,Cardinals,Hunter Long,TE,26,0,13,39
1,Cardinals,Elijah Higgins,TE,20,0,6,26
1,Cardinals,Jayden Williams,OT,7,0,7,14
1,Cardinals,Simi Fehoko,WR,6,0,15,21
1,Cardinals,Jalen Brooks,WR,4,0,3,7
1,Cardinals,Hayden Conner,OG,3,0,7,10
1,Cardinals,Bam Knight,RB,3,0,3,6
1,Cardinals,Andrew Wingard,S,0,51,3,54
1,Cardinals,Mack Wilson Sr.,LB,0,51,0,51
1,Cardinals,Budda Baker,S,0,51,0,51
1,Cardinals,Will Johnson,CB,0,50,1,51
1,Cardinals,Jack Gibbens,LB,0,50,11,61
1,Cardinals,Denzel Burke,CB,0,40,8,48
1,Cardinals,Walter Nolen III,DE,0,35,0,35
1,Cardinals,Dante Stills,DE,0,31,2,33
1,Cardinals,Josh Sweat,LB,0,28,0,28
1,Cardinals,Baron Browning,LB,0,26,2,28
1,Cardinals,Roy Lopez,DT,0,25,0,25
1,Cardinals,Zaven Collins,LB,0,24,5,29
1,Cardinals,Max Melton,CB,0,22,7,29
1,Cardinals,Jordan Burch,LB,0,21,14,35
1,Cardinals,L.J. Collier,DE,0,16,2,18
1,Cardinals,Darius Robinson,DE,0,16,2,18
1,Cardinals,Kei'Trel Clark,CB,0,8,4,12
1,Cardinals,Kitan Crawford,S,0,6,14,20
1,Cardinals,Kalen King,CB,0,5,9,14
1,Cardinals,Eku Leota,LB,0,5,12,17
1,Cardinals,Cody Simon,LB,0,0,17,17
1,Cardinals,Wydett Williams Jr.,S,0,0,5,5
1,Cardinals,Karson Sharar,LB,0,0,17,17
1,Cardinals,Devin Duvernay,WR,0,0,6,6
1,Cardinals,Chad Ryland,K,0,0,13,13
1,Cardinals,Casey Kreiter,LS,0,0,10,10
1,Cardinals,Josh Fryar,OT,0,0,7,7
1,Cardinals,Blake Gillikin,P,0,0,10,10
1,Falcons,Jawaan Taylor,OT,57,0,1,58
1,Falcons,Matthew Bergeron,OG,57,0,5,62
1,Falcons,Jake Matthews,OT,57,0,5,62
1,Falcons,Cooper Rush,QB,57,0,0,57
1,Falcons,Ryan Neuzil,C,57,0,1,58
1,Falcons,Drake London,WR,56,0,0,56
1,Falcons,Chris Lindstrom,OG,48,0,4,52
1,Falcons,Bijan Robinson,RB,44,0,0,44
1,Falcons,Jahan Dotson,WR,36,0,0,36
1,Falcons,Kyle Pitts,TE,36,0,0,36
1,Falcons,Charlie Woerner,TE,35,0,16,51
1,Falcons,Zachariah Branch,WR,17,0,6,23
1,Falcons,Olamide Zaccheaus,WR,16,0,5,21
1,Falcons,Austin Hooper,TE,14,0,5,19
1,Falcons,Brian Robinson,RB,14,0,3,17
1,Falcons,Kyle Hinton,OG,9,0,5,14
1,Falcons,Chris Blair,WR,5,0,7,12
1,Falcons,Michael Jerrell,OT,2,0,4,6
1,Falcons,Nick Muse,TE,2,0,13,15
1,Falcons,Mike Hughes,CB,0,63,0,63
1,Falcons,Jessie Bates III,S,0,63,0,63
1,Falcons,Divine Deablo,LB,0,63,12,75
1,Falcons,A.J. Terrell,CB,0,58,0,58
1,Falcons,Kendal Daniels,LB,0,42,14,56
1,Falcons,Brandon Dorlus,DT,0,38,6,44
1,Falcons,Gervon Dexter Sr.,DT,0,37,7,44
1,Falcons,Xavier Watts,S,0,37,2,39
1,Falcons,Samson Ebukam,DE,0,36,0,36
1,Falcons,Maason Smith,DT,0,35,7,42
1,Falcons,LaCale London,DT,0,34,7,41
1,Falcons,Cameron Thomas,DE,0,33,0,33
1,Falcons,Avieon Terrell,CB,0,21,0,21
1,Falcons,Sydney Brown,S,0,20,12,32
1,Falcons,Jared Ivey,LB,0,18,0,18
1,Falcons,Harold Perkins Jr.,LB,0,15,9,24
1,Falcons,Za'Darius Smith,DE,0,14,0,14
1,Falcons,Da'Shawn Hand,DT,0,6,0,6
1,Falcons,C.J. Henderson,CB,0,5,10,15
1,Falcons,Yasir Abdullah,LB,0,2,11,13
1,Falcons,Bralen Trice,LB,0,2,2,4
1,Falcons,DeMarcco Hellams,S,0,0,15,15
1,Falcons,Jake Bailey,P,0,0,12,12
1,Falcons,Nick Folk,K,0,0,4,4
1,Falcons,Liam McCullough,LS,0,0,11,11
1,Falcons,Josh Woods,LB,0,0,15,15
1,Falcons,Corey Levin,C,0,0,5,5
1,Falcons,Mike Ford Jr.,CB,0,0,15,15
1,Ravens,Vega Ioane,OG,64,0,7,71
1,Ravens,Lamar Jackson,QB,64,0,0,64
1,Ravens,John Simpson,OG,64,0,7,71
1,Ravens,Ronnie Stanley,OT,64,0,0,64
1,Ravens,Jovaughn Gwyn,OG,64,0,0,64
1,Ravens,Roger Rosengarten,OT,64,0,7,71
1,Ravens,Rashod Bateman,WR,51,0,0,51
1,Ravens,Mark Andrews,TE,45,0,0,45
1,Ravens,Durham Smythe,TE,40,0,8,48
1,Ravens,Derrick Henry,RB,35,0,0,35
1,Ravens,Justice Hill,RB,29,0,1,30
1,Ravens,Chris Moore,WR,24,0,16,40
1,Ravens,Ja'Kobi Lane,WR,24,0,0,24
1,Ravens,Matthew Hibner,TE,21,0,9,30
1,Ravens,Zay Flowers,WR,20,0,0,20
1,Ravens,LaJohntay Wester,WR,19,0,9,28
1,Ravens,Carson Vinson,OT,7,0,7,14
1,Ravens,Josh Cuevas,TE,5,0,8,13
1,Ravens,Nate Wiggins,CB,0,53,0,53
1,Ravens,Roquan Smith,LB,0,53,0,53
1,Ravens,Malaki Starks,S,0,53,12,65
1,Ravens,Kyle Hamilton,S,0,53,0,53
1,Ravens,Jaylinn Hawkins,S,0,51,6,57
1,Ravens,Marlon Humphrey,CB,0,47,0,47
1,Ravens,Tavius Robinson,DE,0,43,17,60
1,Ravens,Trey Hendrickson,DE,0,39,0,39
1,Ravens,Trenton Simpson,LB,0,31,11,42
1,Ravens,Travis Jones,DT,0,31,12,43
1,Ravens,Calais Campbell,DE,0,29,11,40
1,Ravens,Keyon Martin,CB,0,23,16,39
1,Ravens,Broderick Washington Jr.,DT,0,21,5,26
1,Ravens,Mike Green,LB,0,17,7,24
1,Ravens,John Jenkins,DT,0,12,0,12
1,Ravens,Zion Young,DE,0,12,9,21
1,Ravens,Aeneas Peebles,DT,0,9,0,9
1,Ravens,Chidobe Awuzie,CB,0,6,8,14
1,Ravens,Ethan Burke,LB,0,0,21,21
1,Ravens,Rasheen Ali,RB,0,0,14,14
1,Ravens,Jay Higgins,LB,0,0,24,24
1,Ravens,T.J. Tampa,CB,0,0,5,5
1,Ravens,Carl Jones Jr.,LB,0,0,19,19
1,Ravens,Ryan Eckley,P,0,0,10,10
1,Ravens,Keondre Jackson,S,0,0,24,24
1,Ravens,Tyler Loop,K,0,0,14,14
1,Ravens,Nick Moore,LS,0,0,10,10
1,Ravens,Andrew Vorhees,OG,0,0,7,7
1,Bills,Josh Allen,QB,52,0,0,53
1,Bills,Alec Anderson,OT,52,0,6,59
1,Bills,Dion Dawkins,OT,52,0,6,59
1,Bills,Spencer Brown,OT,52,0,6,59
1,Bills,Connor McGovern,C,52,0,0,53
1,Bills,O'Cyrus Torrence,OG,52,0,6,59
1,Bills,Dalton Kincaid,TE,40,0,0,41
1,Bills,DJ Moore,WR,39,0,0,40
1,Bills,James Cook III,RB,36,1,0,38
1,Bills,Dawson Knox,TE,33,0,0,34
1,Bills,Keon Coleman,WR,27,0,0,28
1,Bills,Khalil Shakir,WR,27,0,0,27
1,Bills,Jackson Hawes,TE,24,0,8,32
1,Bills,Josh Palmer,WR,15,0,0,15
1,Bills,Frank Gore Jr.,RB,10,0,4,14
1,Bills,Ray Davis,RB,5,0,6,11
1,Bills,Keleki Latu,TE,3,0,20,23
1,Bills,Tylan Grable,OT,1,0,0,1
1,Bills,C.J. Gardner-Johnson,S,0,73,0,73
1,Bills,Terrel Bernard,LB,0,73,5,78
1,Bills,Christian Benford,CB,0,73,0,73
1,Bills,Cole Bishop,S,0,67,2,69
1,Bills,Maxwell Hairston,CB,0,61,8,69
1,Bills,Ed Oliver,DT,0,59,0,59
1,Bills,Greg Rousseau,DE,0,58,5,63
1,Bills,Bradley Chubb,LB,0,58,0,58
1,Bills,Dorian Williams,LB,0,50,8,58
1,Bills,Deone Walker,DT,0,47,8,55
1,Bills,Dee Alford,CB,0,43,6,49
1,Bills,Landon Jackson,DE,0,28,11,39
1,Bills,Damar Hamlin,S,0,23,16,39
1,Bills,Michael Hoecht,LB,0,22,19,41
1,Bills,DeWayne Carter,DT,0,18,4,22
1,Bills,Greg Gaines,DT,0,14,4,18
1,Bills,T.J. Parker,DE,0,13,18,31
1,Bills,Davison Igbinosun,CB,0,10,12,22
1,Bills,Javon Solomon,LB,0,7,16,23
1,Bills,Kaleb Elarms-Orr,LB,0,6,17,23
1,Bills,Lloyd Cushenberry III,C,0,0,6,6
1,Bills,Sam Franklin Jr.,S,0,0,25,25
1,Bills,Austin Corbett,C,0,0,6,6
1,Bills,Joe Andreessen,LB,0,0,20,20
1,Bills,Jordan Hancock,S,0,0,23,23
1,Bills,Tyler Bass,K,0,0,14,14
1,Bills,Reid Ferguson,LS,0,0,8,8
1,Bills,Tommy Doman Jr.,P,0,0,8,8
1,Bills,Greg Dortch,WR,0,0,10,10
1,Panthers,Damien Lewis,OG,59,0,6,65
1,Panthers,Robert Hunt,OG,55,0,6,61
1,Panthers,Luke Fortner,C,55,0,0,55
1,Panthers,Monroe Freeling,OT,55,0,6,61
1,Panthers,Bryce Young,QB,55,0,0,55
1,Panthers,Jalen Coker,WR,54,0,0,54
1,Panthers,Tetairoa McMillan,WR,53,0,0,53
1,Panthers,Rasheed Walker,OT,47,0,3,50
1,Panthers,Chuba Hubbard,RB,43,0,1,44
1,Panthers,Tommy Tremble,TE,35,0,11,46
1,Panthers,Xavier Legette,WR,27,0,7,34
1,Panthers,Darren Waller,TE,21,0,0,21
1,Panthers,Jimmy Horn Jr.,WR,13,0,12,25
1,Panthers,Jonathon Brooks,RB,13,0,0,13
1,Panthers,Brycen Tremayne,WR,10,0,14,24
1,Panthers,Corey Bullock,OG,8,0,3,11
1,Panthers,Kenny Pickett,QB,6,0,0,6
1,Panthers,Stone Forsythe,OT,6,0,3,9
1,Panthers,A.J. Dillon,RB,6,0,0,6
1,Panthers,Sam Hecht,C,6,0,3,9
1,Panthers,Feleipe Franks,TE,4,0,14,18
1,Panthers,Mitchell Evans,TE,3,0,3,6
1,Panthers,Ryan Fitzgerald,K,2,0,12,14
1,Panthers,Sam Martin,P,2,0,10,12
1,Panthers,JJ Jansen,LS,1,0,9,10
1,Panthers,Jaycee Horn,CB,0,70,0,70
1,Panthers,Tre'von Moehrig,S,0,70,0,70
1,Panthers,Mike Jackson,CB,0,70,9,79
1,Panthers,Devin Lloyd,LB,0,69,0,69
1,Panthers,Nick Scott,S,0,68,0,68
1,Panthers,Bobby Okereke,LB,0,62,0,62
1,Panthers,Jaelan Phillips,LB,0,53,0,53
1,Panthers,Derrick Brown,DT,0,42,9,51
1,Panthers,Trevis Gipson,DE,0,41,9,50
1,Panthers,Bobby Brown III,DT,0,36,1,37
1,Panthers,Princely Umanmielen,LB,0,33,0,33
1,Panthers,Lee Hunter,DT,0,33,8,41
1,Panthers,Aaron Hall,DT,0,32,9,41
1,Panthers,Will Lee III,CB,0,25,2,27
1,Panthers,TeRah Edwards,DT,0,21,9,30
1,Panthers,Chau Smith-Wade,CB,0,17,16,33
1,Panthers,Jeremiah Moon,LB,0,15,9,24
1,Panthers,Lathan Ransom,S,0,8,31,39
1,Panthers,Thomas Incoom,LB,0,4,31,35
1,Panthers,Claudin Cherelus,LB,0,1,31,32
1,Panthers,Isaiah Simmons,LB,0,0,31,31
1,Panthers,Akayleb Evans,CB,0,0,13,13
1,Panthers,Jackson Kuwatch,LB,0,0,22,22
1,Bears,Jonah Jackson,OG,70,0,9,79
1,Bears,Darnell Wright,OT,70,0,9,79
1,Bears,Garrett Bradbury,C,70,0,0,70
1,Bears,Joe Thuney,OG,70,0,0,70
1,Bears,Caleb Williams,QB,70,0,0,70
1,Bears,Colston Loveland,TE,60,0,1,61
1,Bears,Braxton Jones,OT,53,0,9,62
1,Bears,Luther Burden III,WR,50,0,1,51
1,Bears,Kalif Raymond,WR,42,0,4,46
1,Bears,Cole Kmet,TE,41,0,10,51
1,Bears,D'Andre Swift,RB,39,0,0,39
1,Bears,Rome Odunze,WR,34,0,1,35
1,Bears,Jahdae Walker,WR,32,0,16,48
1,Bears,Kyle Monangai,RB,31,0,0,31
1,Bears,Theo Benedet,OT,17,0,9,26
1,Bears,Kaden Davis,WR,9,0,4,13
1,Bears,Cam Lewis,S,0,61,3,64
1,Bears,Jaylon Johnson,CB,0,61,0,61
1,Bears,Devin Bush,LB,0,61,1,62
1,Bears,T.J. Edwards,LB,0,61,2,63
1,Bears,Tyrique Stevenson,CB,0,51,1,52
1,Bears,Dillon Thieneman,S,0,47,11,58
1,Bears,Grady Jarrett,DT,0,40,1,41
1,Bears,Montez Sweat,DE,0,39,1,40
1,Bears,Austin Booker,DE,0,39,0,39
1,Bears,Malik Muhammad,CB,0,38,5,43
1,Bears,Dayo Odeyingbo,DE,0,38,6,44
1,Bears,Kentavius Street,DT,0,24,7,31
1,Bears,Neville Gallimore,DT,0,20,3,23
1,Bears,James Lynch,DT,0,14,0,14
1,Bears,D'Marco Jackson,LB,0,12,4,16
1,Bears,Jordan van den Berg,DT,0,12,3,15
1,Bears,Elijah Hicks,S,0,6,26,32
1,Bears,Roschon Johnson,RB,0,0,21,21
1,Bears,Keyshaun Elliott,LB,0,0,18,18
1,Bears,Skyler Thomas,S,0,0,20,20
1,Bears,Jack Sanborn,LB,0,0,27,27
1,Bears,Clark Phillips III,CB,0,0,6,6
1,Bears,Luke Newman,OG,0,0,9,9
1,Bears,Cairo Santos,K,0,0,19,19
1,Bears,Josh Blackwell,CB,0,0,28,28
1,Bears,Logan Jones,C,0,0,9,9
1,Bears,Beau Gardner,LS,0,0,11,11
1,Bears,Tory Taylor,P,0,0,11,11
1,Bears,Daniel Hardy,DE,0,0,6,6
1,Bears,Zavion Thomas,WR,0,0,6,6
1,Bengals,Orlando Brown Jr.,OT,63,0,7,70
1,Bengals,Dylan Fairchild,OG,63,0,7,70
1,Bengals,Ted Karras,C,63,0,7,70
1,Bengals,Joe Burrow,QB,63,0,0,63
1,Bengals,Amarius Mims,OT,63,0,7,70
1,Bengals,Dalton Risner,OG,63,0,7,70
1,Bengals,Ja'Marr Chase,WR,59,0,0,59
1,Bengals,Chase Brown,RB,46,0,0,46
1,Bengals,Tee Higgins,WR,46,0,0,46
1,Bengals,Drew Sample,TE,41,0,14,55
1,Bengals,Andrei Iosivas,WR,38,0,0,38
1,Bengals,Mike Gesicki,TE,21,0,0,21
1,Bengals,Erick All,TE,20,0,0,20
1,Bengals,Samaje Perine,RB,18,0,10,28
1,Bengals,Colbie Young,WR,9,0,7,16
1,Bengals,Dohnte Meyers,WR,9,0,6,15
1,Bengals,Tanner Hudson,TE,6,0,13,19
1,Bengals,Tahj Brooks,RB,1,0,6,7
1,Bengals,Jacob Bayer,C,1,0,0,1
1,Bengals,Dax Hill,CB,0,52,5,57
1,Bengals,Jordan Battle,S,0,52,13,65
1,Bengals,Bryan Cook,S,0,52,0,52
1,Bengals,DJ Turner II,CB,0,52,0,52
1,Bengals,Barrett Carter,LB,0,52,5,57
1,Bengals,Demetrius Knight Jr.,LB,0,46,0,46
1,Bengals,Jalen Davis,CB,0,42,0,42
1,Bengals,Boye Mafe,LB,0,34,0,34
1,Bengals,Dexter Lawrence,DT,0,31,5,36
1,Bengals,Myles Murphy,DE,0,30,5,35
1,Bengals,Jonathan Allen,DT,0,29,0,29
1,Bengals,Cashius Howell,DE,0,24,0,24
1,Bengals,BJ Hill,DT,0,21,0,21
1,Bengals,T.J. Slaton,DT,0,18,5,23
1,Bengals,Cedric Johnson,DE,0,17,14,31
1,Bengals,Kris Jenkins Jr.,DT,0,8,5,13
1,Bengals,D.J. Ivey,CB,0,6,20,26
1,Bengals,Tacario Davis,CB,0,3,8,11
1,Bengals,Oren Burks,LB,0,3,20,23
1,Bengals,Ryan Rehkow,P,0,0,8,8
1,Bengals,William Wagner,LS,0,0,8,8
1,Bengals,Kyle Dugger,S,0,0,15,15
1,Bengals,Swayze Bozeman,LB,0,0,15,15
1,Bengals,Joe Giles-Harris,LB,0,0,13,13
1,Bengals,Joe Flacco,QB,0,0,0,0
1,Bengals,Jalen Rivers,OG,0,0,7,7
1,Bengals,Evan McPherson,K,0,0,15,15
1,Bengals,PJ Jules,S,0,0,20,20
1,Browns,Austin Barber,OT,49,0,2,51
1,Browns,Tytus Howard,OT,49,0,2,51
1,Browns,Spencer Fano,OT,49,0,2,51
1,Browns,Elgton Jenkins,C,49,0,0,49
1,Browns,Deshaun Watson,QB,49,0,0,49
1,Browns,Zion Johnson,OG,48,0,2,50
1,Browns,Denzel Boston,WR,46,0,1,47
1,Browns,Harold Fannin Jr.,TE,40,0,0,40
1,Browns,KC Concepcion,WR,34,0,1,35
1,Browns,Quinshon Judkins,RB,33,0,0,33
1,Browns,Jerry Jeudy,WR,31,0,0,31
1,Browns,Blake Whiteheart,TE,20,0,12,32
1,Browns,Raheim Sanders,RB,16,0,5,21
1,Browns,Tylan Wallace,WR,14,0,11,25
1,Browns,Michael Burton,FB,6,0,10,16
1,Browns,Isaiah Bond,WR,5,0,0,5
1,Browns,Zak Zinter,OG,1,0,2,3
1,Browns,Denzel Ward,CB,0,56,6,62
1,Browns,Carson Schwesinger,LB,0,56,6,62
1,Browns,Grant Delpit,S,0,56,6,62
1,Browns,Ronnie Hickman,S,0,56,6,62
1,Browns,Tyson Campbell,CB,0,56,6,62
1,Browns,Quincy Williams,LB,0,54,0,54
1,Browns,Isaiah McGuire,DE,0,36,0,36
1,Browns,Jared Verse,LB,0,36,6,42
1,Browns,Mason Graham,DT,0,33,4,37
1,Browns,Mike Hall Jr.,DT,0,29,2,31
1,Browns,Adin Huntington,DT,0,29,7,36
1,Browns,Myles Harden,CB,0,24,5,29
1,Browns,Sam Williams,DE,0,23,6,29
1,Browns,Maliek Collins,DT,0,21,0,21
1,Browns,Easton Mascarenas-Arnold,LB,0,19,15,34
1,Browns,Derek Barnett,DE,0,17,6,23
1,Browns,Emmanuel McNeil-Warren,S,0,14,12,26
1,Browns,Winston Reid,LB,0,1,21,22
1,Browns,Rex Sunahara,LS,0,0,5,5
1,Browns,Corey Bojorquez,P,0,0,5,5
1,Browns,Andre Szmyt,K,0,0,5,5
1,Browns,NULL,CB,0,0,8,8
1,Browns,Dawand Jones,OT,0,0,2,2
1,Browns,Luke Wypler,C,0,0,2,2
1,Browns,Dylan Sampson,RB,0,0,2,2
1,Browns,Mekhi Blackmon,CB,0,0,2,2
1,Browns,Carsen Ryan,TE,0,0,13,13
1,Browns,Malachi Corley,WR,0,0,15,15
1,Browns,Donovan McMillon,S,0,0,15,15
1,Browns,Nathaniel Watson,LB,0,0,15,15
1,Cowboys,T.J. Bass,OG,52,0,3,55
1,Cowboys,Tyler Guyton,OT,52,0,3,55
1,Cowboys,Cooper Beebe,C,52,0,0,52
1,Cowboys,Tyler Booker,OG,52,0,3,55
1,Cowboys,Terence Steele,OT,52,0,3,55
1,Cowboys,Dak Prescott,QB,52,0,0,52
1,Cowboys,George Pickens,WR,44,0,0,44
1,Cowboys,CeeDee Lamb,WR,42,0,0,42
1,Cowboys,Jake Ferguson,TE,39,0,0,39
1,Cowboys,Javonte Williams,RB,38,0,0,38
1,Cowboys,Ryan Flournoy,WR,38,0,0,38
1,Cowboys,Hunter Luepke,FB,13,0,9,22
1,Cowboys,Brevyn Spann-Ford,TE,12,0,11,23
1,Cowboys,Jonathan Mingo,WR,11,0,6,17
1,Cowboys,Luke Schoonmaker,TE,10,0,10,20
1,Cowboys,KaVontae Turpin,WR,6,0,6,12
1,Cowboys,Emari Demercado,RB,4,0,0,4
1,Cowboys,Drew Shelton,OT,3,0,3,6
1,Cowboys,DaRon Bland,CB,0,68,0,68
1,Cowboys,Jalen Thompson,S,0,68,0,68
1,Cowboys,Caleb Downs,S,0,60,4,64
1,Cowboys,Quinnen Williams,DT,0,52,4,56
1,Cowboys,DeMarvion Overshown,LB,0,50,3,53
1,Cowboys,Kenny Clark,DT,0,49,0,49
1,Cowboys,Cobie Durant,CB,0,49,0,49
1,Cowboys,Donovan Ezeiruaku,LB,0,41,4,45
1,Cowboys,Rashan Gary,DE,0,40,0,40
1,Cowboys,Dee Winters,LB,0,39,1,40
1,Cowboys,Otito Ogbonnia,DT,0,39,4,43
1,Cowboys,Jaishawn Barham,LB,0,34,4,38
1,Cowboys,Malachi Lawrence,DE,0,30,6,36
1,Cowboys,Jonathan Bullard,DE,0,29,0,29
1,Cowboys,P.J. Locke,S,0,28,11,39
1,Cowboys,Shavon Revel Jr.,CB,0,20,8,28
1,Cowboys,LT Overton,DE,0,18,5,23
1,Cowboys,Malik Hooker,S,0,12,0,12
1,Cowboys,Von Miller,LB,0,11,0,11
1,Cowboys,James Houston,LB,0,10,10,20
1,Cowboys,Shemar James,LB,0,1,16,17
1,Cowboys,Nick Leverett,OG,0,0,3,3
1,Cowboys,Bryan Anger,P,0,0,5,5
1,Cowboys,Broderick Jones,OT,0,0,3,3
1,Cowboys,Trent Sieg,LS,0,0,5,5
1,Cowboys,Brandon Aubrey,K,0,0,7,7
1,Cowboys,Alijah Clark,S,0,0,16,16
1,Cowboys,Markquese Bell,S,0,0,16,16
1,Cowboys,Ameer Speed,CB,0,0,16,16
1,Broncos,Pat Bryant,WR,27,0,7,34
1,Broncos,J.K. Dobbins,RB,19,0,0,19
1,Broncos,Adam Trautman,TE,17,0,2,19
1,Broncos,Ben Powers,OG,14,0,1,15
1,Broncos,Mike McGlinchey,OT,14,0,1,15
1,Broncos,Quinn Meinerz,OG,14,0,1,15
1,Broncos,Luke Wattenberg,C,14,0,1,15
1,Broncos,Bo Nix,QB,14,0,0,14
1,Broncos,Garrett Bolles,OT,14,0,0,14
1,Broncos,Nate Adkins,TE,13,0,7,20
1,Broncos,Marvin Mims Jr.,WR,9,0,3,12
1,Broncos,Adam Prentice,FB,5,0,18,23
1,Broncos,Jonah Coleman,RB,3,0,6,9
1,Broncos,Pat Surtain II,CB,1,67,5,73
1,Broncos,Riley Moss,CB,0,67,1,68
1,Broncos,Talanoa Hufanga,S,0,67,5,72
1,Broncos,Alex Singleton,LB,0,66,0,66
1,Broncos,Brandon Jones,S,0,63,0,63
1,Broncos,Justin Strnad,LB,0,53,0,53
1,Broncos,Ja'Quan McMillian,CB,0,48,0,48
1,Broncos,Eyioma Uwazurike,DT,0,41,5,46
1,Broncos,Zach Allen,DE,0,40,5,45
1,Broncos,Jonah Elliss,LB,0,39,7,46
1,Broncos,D.J. Jones,DT,0,39,0,39
1,Broncos,Nik Bonitto,LB,0,36,0,36
1,Broncos,Que Robinson,LB,0,31,23,54
1,Broncos,Malcolm Roach,DT,0,30,6,36
1,Broncos,Dondrea Tillman,LB,0,30,24,54
1,Broncos,Sai'vion Jones,DE,0,14,6,20
1,Broncos,Jahdae Barron,CB,0,4,7,11
1,Broncos,Jordan Turner,LB,0,2,24,26
1,Broncos,Devon Key,S,0,0,24,24
1,Broncos,JL Skinner,S,0,0,17,17
1,Broncos,Alex Forsyth,C,0,0,2,2
1,Broncos,Alex Palczewski,OT,0,0,2,2
1,Broncos,Mitchell Fraboni,LS,0,0,8,8
1,Broncos,Kris Abrams-Draine,CB,0,0,12,12
1,Broncos,Wil Lutz,K,0,0,5,5
1,Broncos,Jeremy Crawshaw,P,0,0,8,8
1,Broncos,Karene Reid,LB,0,0,12,12
1,Broncos,Tycen Anderson,S,0,0,19,19
1,Broncos,Matt Peart,OT,0,0,2,2
1,Lions,Jared Goff,QB,73,0,0,73
1,Lions,Tate Ratledge,OG,73,0,5,78
1,Lions,Juice Scruggs,OG,73,0,5,78
1,Lions,Blake Miller,OT,73,0,5,78
1,Lions,Penei Sewell,OT,73,0,5,78
1,Lions,Amon-Ra St. Brown,WR,66,0,0,66
1,Lions,Jameson Williams,WR,63,0,0,63
1,Lions,Ben Bartch,OG,62,0,5,67
1,Lions,Sam LaPorta,TE,59,0,0,59
1,Lions,Jahmyr Gibbs,RB,53,0,0,53
1,Lions,Isaac TeSlaa,WR,50,0,0,50
1,Lions,Brock Wright,TE,35,0,11,46
1,Lions,Sione Vaki,RB,22,0,24,46
1,Lions,Christian Mahogany,OG,11,0,0,11
1,Lions,Tyler Conklin,TE,9,0,0,9
1,Lions,Larry Borom,OT,8,0,5,13
1,Lions,Jack Campbell,LB,0,86,5,92
1,Lions,Rock Ya-Sin,CB,0,85,5,91
1,Lions,D.J. Reed,CB,0,85,0,86
1,Lions,Avonte Maddox,S,0,81,0,82
1,Lions,Alim McNeill,DT,0,80,5,86
1,Lions,Derrick Barnes,LB,0,74,13,88
1,Lions,Aidan Hutchinson,DE,0,71,0,72
1,Lions,D.J. Wonnum,DE,0,67,5,72
1,Lions,Thomas Harper,S,0,51,17,68
1,Lions,Skyler Gill-Howard,DT,0,44,5,49
1,Lions,Chuck Clark,S,0,40,5,46
1,Lions,Roger McCreary,CB,0,38,16,54
1,Lions,Tyleik Williams,DT,0,34,5,40
1,Lions,Keith Abney II,CB,0,23,5,28
1,Lions,Malcolm Rodriguez,LB,0,19,19,39
1,Lions,Derrick Moore,DE,0,17,0,17
1,Lions,Devin White,LB,0,16,0,16
1,Lions,Tyler Lacy,DE,0,14,0,15
1,Lions,Ben Stille,DT,0,9,0,9
1,Lions,Trevor Nowaske,LB,0,8,29,37
1,Lions,Eric O'Neill,DE,0,4,17,21
1,Lions,Miles Frazier,OG,0,0,5,5
1,Lions,Hogan Hatten,LS,0,0,12,12
1,Lions,NULL,LB,0,0,18,18
1,Lions,Khalil Dorsey,CB,0,0,23,23
1,Lions,Tom Kennedy,WR,0,0,11,11
1,Lions,Jack Fox,P,0,0,12,12
1,Lions,Jacob Saylors,RB,0,0,24,24
1,Lions,Jake Bates,K,0,0,11,11
1,Lions,Tay Martin,WR,0,0,24,24
1,Lions,Jackson Meeks,TE,0,0,18,18
1,Packers,Tucker Kraft,TE,44,1,0,45
1,Packers,Jayden Reed,WR,38,0,0,38
1,Packers,Marshawn Lloyd,RB,30,0,0,30
1,Packers,Mark Redman,TE,21,0,7,28
1,Packers,Jonnu Smith,TE,14,0,2,16
1,Packers,Josh Whyle,TE,11,0,11,22
1,Packers,Anthony Belton,OT,4,0,5,9
1,Packers,Skyy Moore,WR,4,0,11,15
1,Packers,Zaire Franklin,LB,0,61,0,62
1,Packers,Edgerrin Cooper,LB,0,61,0,62
1,Packers,Evan Williams,S,0,61,10,72
1,Packers,Xavier McKinney,S,0,61,5,67
1,Packers,Keisean Nixon,CB,0,61,1,63
1,Packers,Brandon Cisse,CB,0,48,3,51
1,Packers,Lukas Van Ness,DE,0,39,9,49
1,Packers,Barryn Sorrell,DE,0,36,20,57
1,Packers,Karl Brooks,DT,0,35,17,53
1,Packers,Devonte Wyatt,DT,0,33,0,33
1,Packers,Javon Bullard,S,0,32,1,34
1,Packers,Jonathan Ford,DT,0,28,7,35
1,Packers,Javon Hargrave,DT,0,27,0,28
1,Packers,Brenton Cox Jr.,DE,0,27,2,29
1,Packers,Chris McClellan,DT,0,26,0,26
1,Packers,Dani Dennis-Sutton,DE,0,21,13,34
1,Packers,Carrington Valentine,CB,0,13,3,17
1,Packers,Benjamin St-Juste,CB,0,1,22,23
1,Packers,Trey Smack,K,0,1,11,12
1,Packers,Isaiah McDuffie,LB,0,1,24,25
1,Packers,Matt Orzech,LS,0,0,8,8
1,Packers,John Williams,OG,0,0,5,5
1,Packers,Daniel Whelan,P,0,0,8,8
1,Packers,Kitan Oladapo,S,0,0,12,12
1,Packers,Kaleb Johnson,RB,0,0,2,2
1,Packers,Kamal Hadden,CB,0,0,10,10
1,Packers,Kristian Welch,LB,0,0,24,24
1,Packers,Nick Niemann,LB,0,0,24,24
1,Texans,Ed Ingram,OG,73,0,5,78
1,Texans,Trent Brown,OT,73,0,5,78
1,Texans,Aireontae Ersery,OT,73,0,5,78
1,Texans,Evan Brown,OG,73,0,0,73
1,Texans,Keylan Rutledge,OG,73,0,5,78
1,Texans,C.J. Stroud,QB,73,0,0,73
1,Texans,Nico Collins,WR,52,0,0,52
1,Texans,Dalton Schultz,TE,47,0,0,47
1,Texans,Xavier Hutchinson,WR,42,0,0,42
1,Texans,David Montgomery,RB,37,0,0,37
1,Texans,Woody Marks,RB,36,0,4,40
1,Texans,Foster Moreau,TE,34,0,6,40
1,Texans,Kayshon Boutte,WR,33,0,0,33
1,Texans,Cade Stover,TE,23,0,18,41
1,Texans,Jared Wayne,WR,22,0,10,32
1,Texans,Jaylin Noel,WR,21,0,6,27
1,Texans,Blake Fisher,OT,10,0,5,15
1,Texans,Marlin Klein,TE,8,0,9,17
1,Texans,Kamari Lassiter,CB,0,52,0,53
1,Texans,Azeez Al-Shaair,LB,0,52,0,53
1,Texans,Jalen Pitre,S,0,52,0,53
1,Texans,Derek Stingley Jr.,CB,0,52,0,53
1,Texans,Calen Bullock,S,0,50,0,51
1,Texans,Will Anderson Jr.,DE,0,47,0,48
1,Texans,Henry To'o To'o,LB,0,46,0,46
1,Texans,Reed Blankenship,S,0,46,4,51
1,Texans,Danielle Hunter,DE,0,41,0,42
1,Texans,Tommy Togiai,DT,0,38,6,44
1,Texans,Sheldon Rankins,DT,0,37,0,38
1,Texans,Logan Hall,DE,0,20,6,27
1,Texans,Jadeveon Clowney,DE,0,17,0,17
1,Texans,Mario Edwards Jr.,DT,0,14,6,20
1,Texans,Jake Hansen,LB,0,6,26,33
1,Texans,Dominique Robinson,DE,0,1,14,15
1,Texans,Kamari Ramsey,S,0,1,16,17
1,Texans,Jake Hummel,LB,0,0,17,17
1,Texans,Wyatt Teller,OG,0,0,5,5
1,Texans,Jake Andrews,C,0,0,5,5
1,Texans,Ka'imi Fairbairn,K,0,0,11,11
1,Texans,George Odum,S,0,0,22,22
1,Texans,Kai Kroeger,P,0,0,9,9
1,Texans,British Brooks,RB,0,0,18,18
1,Texans,Jaylin Smith,CB,0,0,26,26
1,Texans,Wade Woodaz,LB,0,0,22,22
1,Texans,Sabastian Harsh,DE,0,0,14,14
1,Texans,Austin Brinkman,LS,0,0,9,9
1,Colts,Tanor Bortolini,C,53,0,0,53
1,Colts,Quenton Nelson,OG,53,0,0,53
1,Colts,Daniel Jones,QB,53,0,0,53
1,Colts,Jalen Travis,OT,53,0,4,57
1,Colts,Matt Goncalves,OG,53,0,4,57
1,Colts,Bernhard Raimann,OT,53,0,0,53
1,Colts,Tyler Warren,TE,49,0,0,49
1,Colts,Josh Downs,WR,47,0,3,50
1,Colts,Jonathan Taylor,RB,47,0,0,47
1,Colts,Keenan Allen,WR,36,0,0,36
1,Colts,Alec Pierce,WR,31,0,0,31
1,Colts,Laquon Treadwell,WR,19,0,20,39
1,Colts,Mo Alie-Cox,TE,13,0,11,24
1,Colts,Ashton Dulin,WR,10,0,19,29
1,Colts,Seth McGowan,RB,6,0,7,13
1,Colts,Drew Ogletree,TE,6,0,18,24
1,Colts,Luke Tenuta,OT,1,0,4,5
1,Colts,Camryn Bynum,S,0,64,7,71
1,Colts,Sauce Gardner,CB,0,64,4,68
1,Colts,A.J. Haulcy,S,0,63,0,63
1,Colts,Akeem Davis-Gaither,LB,0,62,6,68
1,Colts,Charvarius Ward,CB,0,61,0,61
1,Colts,Laiatu Latu,DE,0,53,0,53
1,Colts,DeForest Buckner,DT,0,47,0,47
1,Colts,Arden Key,DE,0,46,7,53
1,Colts,Grover Stewart,DT,0,41,11,52
1,Colts,Jaylon Carlies,LB,0,40,6,46
1,Colts,Justin Walley,CB,0,37,7,44
1,Colts,Jerry Tillery,DT,0,34,7,41
1,Colts,Jaylahn Tuimoloau,DE,0,23,13,36
1,Colts,Bryce Boettcher,LB,0,22,15,37
1,Colts,Adetomiwa Adebawore,DT,0,14,24,38
1,Colts,Micheal Clemons,DE,0,14,0,14
1,Colts,Tim Smith,DT,0,13,0,13
1,Colts,Jonathan Owens,S,0,2,27,29
1,Colts,Kenneth Harris,CB,0,2,3,5
1,Colts,Caden Curry,DE,0,2,20,22
1,Colts,Jalen Farmer,OG,0,0,4,4
1,Colts,Spencer Shrader,K,0,0,9,9
1,Colts,Rigoberto Sanchez,P,0,0,9,9
1,Colts,Kapena Gushiken,CB,0,0,11,11
1,Colts,Tahj Chambers,LB,0,0,27,27
1,Colts,Hunter Wohler,S,0,0,15,15
1,Colts,Deion Burks,WR,0,0,6,6
1,Colts,Sedrick Van Pran-Granger,C,0,0,4,4
1,Jaguars,Anton Harrison,OT,56,0,6,62
1,Jaguars,Emmanuel Pregnon,OG,56,0,6,62
1,Jaguars,Ezra Cleveland,OG,49,0,6,55
1,Jaguars,Robert Hainsey,C,49,0,0,49
1,Jaguars,Trevor Lawrence,QB,49,0,0,49
1,Jaguars,Brenton Strange,TE,39,0,0,39
1,Jaguars,Nate Boerkircher,TE,37,0,3,40
1,Jaguars,Cole Van Lanen,OT,36,0,0,36
1,Jaguars,Jakobi Meyers,WR,36,0,0,36
1,Jaguars,Parker Washington,WR,34,0,3,37
1,Jaguars,Bhayshul Tuten,RB,27,0,0,27
1,Jaguars,Quintin Morris,TE,24,0,20,44
1,Jaguars,Chris Rodriguez Jr.,RB,23,0,0,23
1,Jaguars,Walker Little,OT,20,0,6,26
1,Jaguars,Brian Thomas Jr.,WR,19,0,0,19
1,Jaguars,Josh Cameron,WR,19,0,15,34
1,Jaguars,CJ Williams,WR,10,0,6,16
1,Jaguars,Wyatt Milum,OG,9,0,6,15
1,Jaguars,Nick Mullens,QB,7,0,0,7
1,Jaguars,Jonah Monheim,C,7,0,6,13
1,Jaguars,Ameer Abdullah,RB,5,0,8,13
1,Jaguars,Travis Hunter,WR,4,27,0,31
1,Jaguars,LeQuint Allen Jr.,RB,1,0,0,1
1,Jaguars,Antonio Johnson,S,0,43,0,43
1,Jaguars,Montaric Brown,CB,0,38,9,47
1,Jaguars,Josh Hines-Allen,DE,0,36,1,37
1,Jaguars,Jarrian Jones,CB,0,35,4,39
1,Jaguars,Ventrell Miller,LB,0,33,10,43
1,Jaguars,Foyesade Oluokun,LB,0,32,1,33
1,Jaguars,Travon Walker,DE,0,32,1,33
1,Jaguars,Caleb Ransaw,S,0,31,15,46
1,Jaguars,Eric Murray,S,0,31,7,38
1,Jaguars,Arik Armstead,DT,0,27,0,27
1,Jaguars,Jourdan Lewis,CB,0,26,0,26
1,Jaguars,Dennis Gardeck,LB,0,24,17,41
1,Jaguars,Danny Striggow,DE,0,24,5,29
1,Jaguars,DaVon Hamilton,DT,0,19,1,20
1,Jaguars,Ruke Orhorhoro,DT,0,18,1,19
1,Jaguars,Matt Dickerson,DT,0,18,7,25
1,Jaguars,Branson Combs,LB,0,15,13,28
1,Jaguars,Albert Regis,DT,0,12,0,12
1,Jaguars,Jahlani Tavai,LB,0,6,16,22
1,Jaguars,Rayuan Lane III,S,0,6,17,23
1,Jaguars,Christian Braswell,CB,0,6,5,11
1,Jaguars,Cam Little,K,0,0,13,13
1,Jaguars,BJ Green II,DE,0,0,3,3
1,Jaguars,Logan Cooke,P,0,0,8,8
1,Jaguars,Ross Matiscik,LS,0,0,8,8
1,Chiefs,Trey Smith,OG,67,0,5,72
1,Chiefs,Kahlil Benson,OT,67,0,5,72
1,Chiefs,Kingsley Suamataia,OG,67,0,5,72
1,Chiefs,Patrick Mahomes,QB,67,0,0,67
1,Chiefs,Creed Humphrey,C,67,0,5,72
1,Chiefs,Jaylon Moore,OT,66,0,5,71
1,Chiefs,Rashee Rice,WR,56,0,0,56
1,Chiefs,Xavier Worthy,WR,52,0,0,52
1,Chiefs,Travis Kelce,TE,47,0,0,47
1,Chiefs,Kenneth Walker III,RB,46,0,0,46
1,Chiefs,Tyquan Thornton,WR,45,0,0,45
1,Chiefs,Noah Gray,TE,37,0,14,51
1,Chiefs,Emmett Johnson,RB,24,0,6,30
1,Chiefs,Jake Briningstool,TE,12,0,18,30
1,Chiefs,Khyiris Tonga,DT,4,18,3,25
1,Chiefs,Hunter Nourzad,C,4,0,5,9
1,Chiefs,Ben VanSumeren,FB,3,0,20,23
1,Chiefs,Joshua Ezeudu,OT,3,0,0,3
1,Chiefs,Cyrus Allen,WR,1,0,3,4
1,Chiefs,Mike Caliendo,OG,1,0,5,6
1,Chiefs,Justin Fields,QB,1,0,0,1
1,Chiefs,Chris Jones,DT,0,25,0,25
1,Chiefs,Jaden Hicks,S,0,14,2,16
1,Chiefs,Nohl Williams,CB,0,14,2,16
1,Chiefs,Nick Bolton,LB,0,14,1,15
1,Chiefs,Alohi Gilman,S,0,14,0,14
1,Chiefs,Drue Tranquill,LB,0,13,1,14
1,Chiefs,Ashton Gillotte,DE,0,12,3,15
1,Chiefs,Kristian Fulton,CB,0,10,5,15
1,Chiefs,Felix Anudike-Uzomah,DE,0,8,0,8
1,Chiefs,Peter Woods,DT,0,8,1,9
1,Chiefs,Christian Roland-Wallace,CB,0,8,18,26
1,Chiefs,Jack Cochrane,LB,0,5,21,26
1,Chiefs,Marcus Harris,DT,0,5,0,5
1,Chiefs,Mansoor Delane,CB,0,3,0,3
1,Chiefs,Jeffrey Bassa,LB,0,3,18,21
1,Chiefs,Matt Araiza,P,0,0,9,9
1,Chiefs,James Winchester,LS,0,0,9,9
1,Chiefs,Jadon Canady,S,0,0,9,9
1,Chiefs,Xavier Nwankpa,S,0,0,14,14
1,Chiefs,Brashard Smith,RB,0,0,3,3
1,Chiefs,Jalen Royals,WR,0,0,13,13
1,Chiefs,Cooper McDonald,LB,0,0,2,2
1,Chiefs,Harrison Butker,K,0,0,11,11
1,Chiefs,Nikko Remigio,WR,0,0,9,9
1,Dolphins,Patrick Paul,OT,50,0,4,54
1,Dolphins,Kadyn Proctor,OG,50,0,4,54
1,Dolphins,Malik Willis,QB,50,0,0,50
1,Dolphins,Austin Jackson,OT,50,0,4,54
1,Dolphins,Jonah Savaiinaea,OG,50,0,4,54
1,Dolphins,Aaron Brewer,C,50,0,0,50
1,Dolphins,Malik Washington,WR,49,0,9,58
1,Dolphins,Caleb Douglas,WR,45,0,0,45
1,Dolphins,De'Von Achane,RB,44,0,0,44
1,Dolphins,Greg Dulcich,TE,37,0,4,41
1,Dolphins,Chris Bell,WR,25,0,4,29
1,Dolphins,DJ Herman,FB,15,0,3,18
1,Dolphins,Will Kacmarek,TE,14,0,6,20
1,Dolphins,Kevin Coleman Jr.,WR,14,0,0,14
1,Dolphins,Ollie Gordon II,RB,3,0,5,8
1,Dolphins,Jaylen Wright,RB,3,0,5,8
1,Dolphins,Caedan Wallace,OT,1,0,4,5
1,Dolphins,Chris Johnson,CB,0,67,6,73
1,Dolphins,Jacob Rodriguez,LB,0,67,6,73
1,Dolphins,Jordyn Brooks,LB,0,66,6,72
1,Dolphins,Jason Marshall Jr.,CB,0,63,8,71
1,Dolphins,Zayne Anderson,S,0,52,0,52
1,Dolphins,Michael Taaffe,S,0,51,7,58
1,Dolphins,Zach Sieler,DT,0,47,10,57
1,Dolphins,Chop Robinson,DE,0,42,1,43
1,Dolphins,Zeek Biggers,DT,0,41,9,50
1,Dolphins,Willie Gay Jr.,LB,0,41,2,43
1,Dolphins,Jordan Phillips,DT,0,40,5,45
1,Dolphins,Malik Herring,DE,0,32,1,33
1,Dolphins,Dante Trader Jr.,S,0,31,14,45
1,Dolphins,Josh Uche,LB,0,28,1,29
1,Dolphins,JuJu Brents,CB,0,25,1,26
1,Dolphins,Keith Cooper Jr.,DT,0,15,5,20
1,Dolphins,Robert Beal Jr.,DE,0,14,14,28
1,Dolphins,Clelin Ferrell,DE,0,11,0,11
1,Dolphins,Kyle Louis,S,0,3,14,17
1,Dolphins,Jackson Woodard,LB,0,1,15,16
1,Dolphins,Jarrett Kingston,OG,0,0,4,4
1,Dolphins,Ronnie Harrison Jr.,LB,0,0,12,12
1,Dolphins,Marcellas Dial Jr.,CB,0,0,9,9
1,Dolphins,Bradley Pinion,P,0,0,8,8
1,Dolphins,Riley Patterson,K,0,0,7,7
1,Dolphins,Julius Wood,S,0,0,16,16
1,Dolphins,Tucker Addington,LS,0,0,8,8
1,Dolphins,Ryan Miller,WR,0,0,15,15
1,Vikings,Donovan Jackson,OG,61,0,4,66
1,Vikings,Brian O'Neill,OT,61,0,0,62
1,Vikings,Blake Brandel,C,61,0,4,66
1,Vikings,Will Fries,OG,61,0,4,66
1,Vikings,Christian Darrisaw,OT,61,0,0,62
1,Vikings,Justin Jefferson,WR,56,0,0,57
1,Vikings,Jordan Addison,WR,50,0,0,51
1,Vikings,Carson Wentz,QB,50,0,0,51
1,Vikings,Josh Oliver,TE,42,0,10,52
1,Vikings,T.J. Hockenson,TE,39,0,0,40
1,Vikings,Jordan Mason,RB,29,0,0,29
1,Vikings,Jauan Jennings,WR,27,0,0,28
1,Vikings,Aaron Jones Sr.,RB,26,0,0,27
1,Vikings,Max Bredeson,FB,24,0,10,34
1,Vikings,Kyler Murray,QB,11,0,0,11
1,Vikings,DeeJay Dallas,RB,6,0,19,25
1,Vikings,Myles Price,WR,3,0,9,12
1,Vikings,Tai Felton,WR,3,0,14,17
1,Vikings,Theo Jackson,S,0,42,4,46
1,Vikings,Levi Drake Rodriguez,DT,0,34,0,34
1,Vikings,Kyle Van Noy,LB,0,25,0,25
1,Vikings,Domonique Orange,DT,0,22,6,28
1,Vikings,Eric Wilson,LB,0,21,0,21
1,Vikings,Caleb Banks,DT,0,16,6,22
1,Vikings,Harrison Smith,S,0,16,0,16
1,Vikings,Ivan Pace Jr.,LB,0,10,25,35
1,Vikings,Jacob Thomas,S,0,9,19,28
1,Vikings,Bo Richter,LB,0,0,24,24
1,Vikings,Joe Huber,OG,0,0,4,4
1,Vikings,Ryan Van Demark,OT,0,0,4,4
1,Vikings,Jake Golday,LB,0,0,19,19
1,Vikings,Chaz Chambliss,LB,0,0,19,19
1,Vikings,Will Reichard,K,0,0,11,11
1,Vikings,Jay Ward,S,0,0,21,21
1,Vikings,Gavin Bartholomew,TE,0,0,10,10
1,Vikings,Trevor Keegan,OG,0,0,4,4
1,Vikings,Charles Demmings,CB,0,0,5,5
1,Vikings,Andrew DePaola,LS,0,0,8,8
1,Patriots,Drake Maye,QB,67,0,0,67
1,Patriots,Alijah Vera-Tucker,OG,67,0,2,69
1,Patriots,Morgan Moses,OT,67,0,0,67
1,Patriots,Mike Onwenu,OG,67,0,2,69
1,Patriots,Will Campbell,OT,67,0,2,69
1,Patriots,Jared Wilson,OG,67,0,0,67
1,Patriots,Rhamondre Stevenson,RB,57,0,0,57
1,Patriots,Hunter Henry,TE,52,0,0,52
1,Patriots,Mack Hollins,WR,47,0,7,54
1,Patriots,Demario Douglas,WR,41,0,0,41
1,Patriots,Romeo Doubs,WR,37,0,0,37
1,Patriots,Eli Raridon,TE,36,0,4,40
1,Patriots,A.J. Brown,WR,30,0,0,30
1,Patriots,Reggie Gilliam,FB,12,0,11,23
1,Patriots,Kyle Williams,WR,11,0,4,15
1,Patriots,Corey Kiner,RB,8,0,0,8
1,Patriots,Lan Larison,RB,2,0,6,8
1,Patriots,Greg Van Roten,OG,2,0,2,4
1,Patriots,Craig Woodson,S,0,48,3,51
1,Patriots,Robert Spillane,LB,0,48,3,51
1,Patriots,Christian Gonzalez,CB,0,48,0,48
1,Patriots,Kevin Byard III,S,0,48,0,48
1,Patriots,Carlton Davis III,CB,0,47,0,47
1,Patriots,Christian Elliss,LB,0,47,3,50
1,Patriots,Dre'Mont Jones,DE,0,41,6,47
1,Patriots,Elijah Ponder,DE,0,37,10,47
1,Patriots,Milton Williams,DE,0,32,6,38
1,Patriots,Christian Barmore,DT,0,29,6,35
1,Patriots,Cory Durden,DT,0,26,2,28
1,Patriots,Marcus Jones,CB,0,24,5,29
1,Patriots,Dell Pettus,S,0,20,19,39
1,Patriots,Joshua Farmer,DT,0,8,0,8
1,Patriots,Leonard Taylor III,DT,0,6,2,8
1,Patriots,Charles Woods,CB,0,1,15,16
1,Patriots,Tanner Arkin,TE,0,0,4,4
1,Patriots,Channing Canada,CB,0,0,11,11
1,Patriots,Namdi Obiazor,LB,0,0,19,19
1,Patriots,Quintayvious Hutchins,DE,0,0,3,3
1,Patriots,Darius Muasau,LB,0,0,13,13
1,Patriots,Dametrious Crownover,OT,0,0,2,2
1,Patriots,Caleb Lomu,OT,0,0,2,2
1,Patriots,Cameron Latu,TE,0,0,13,13
1,Patriots,Mitch Wishnowsky,P,0,0,6,6
1,Patriots,Julian Ashby,LS,0,0,6,6
1,Patriots,Andres Borregales,K,0,0,5,5
1,Patriots,Jaylen Reed,S,0,0,8,8
1,Saints,Tyler Shough,QB,86,0,0,87
1,Saints,Taliese Fuaga,OT,86,0,5,92
1,Saints,David Edwards,OG,86,0,5,92
1,Saints,Erik McCoy,C,86,0,0,87
1,Saints,Kelvin Banks Jr.,OT,86,0,5,92
1,Saints,Cesar Ruiz,OG,86,0,5,92
1,Saints,Devaughn Vele,WR,78,0,0,79
1,Saints,Chris Olave,WR,73,0,0,74
1,Saints,Juwan Johnson,TE,72,0,4,77
1,Saints,Bryce Lance,WR,58,0,0,59
1,Saints,Travis Etienne,RB,50,0,0,51
1,Saints,Noah Fant,TE,37,0,7,44
1,Saints,Kendre Miller,RB,26,0,1,27
1,Saints,CJ Donaldson,RB,14,0,20,34
1,Saints,Treyton Welch,TE,10,0,6,16
1,Saints,Barion Brown,WR,7,0,13,20
1,Saints,Kevin Austin Jr.,WR,5,0,1,6
1,Saints,Julian Blackmon,S,0,73,0,73
1,Saints,Kool-Aid McKinstry,CB,0,73,0,73
1,Saints,Justin Reid,S,0,73,5,78
1,Saints,Kaden Elliss,LB,0,73,4,77
1,Saints,Quincy Riley,CB,0,63,0,63
1,Saints,Chase Young,DE,0,55,0,55
1,Saints,Carl Granderson,DE,0,55,9,64
1,Saints,Nathan Shepherd,DT,0,53,5,58
1,Saints,Jonas Sanker,S,0,50,6,56
1,Saints,Vernon Broughton,DT,0,50,5,55
1,Saints,Pete Werner,LB,0,39,9,48
1,Saints,Davon Godchaux,DT,0,33,0,33
1,Saints,Danny Stutsman,LB,0,25,29,54
1,Saints,Tyree Wilson,DE,0,23,18,41
1,Saints,Christen Miller,DT,0,22,0,22
1,Saints,Anfernee Jennings,DE,0,18,24,42
1,Saints,Colby Wooden,DT,0,17,5,22
1,Saints,Martin Emerson Jr.,CB,0,10,0,10
1,Saints,Chris Rumph II,LB,0,0,29,29
1,Saints,Jordan Howden,S,0,0,25,25
1,Saints,Zach Wood,LS,0,0,10,10
1,Saints,William Sherman,OT,0,0,5,5
1,Saints,Decamerion Richardson,CB,0,0,12,12
1,Saints,Jayden Price,CB,0,0,24,24
1,Saints,Isaiah Stalbird,LB,0,0,28,28
1,Saints,Daniel Carlson,K,0,0,11,11
1,Saints,Ryan Wright,P,0,0,10,10
1,Saints,Asim Richards,OT,0,0,5,5
1,Saints,Mike Reid,CB,0,0,19,19
1,Saints,Jeremiah Wright,OG,0,0,5,5
1,Giants,Jermaine Eluemunor,OT,68,0,4,72
1,Giants,John Michael Schmitz,C,68,0,0,68
1,Giants,Jaxson Dart,QB,68,0,0,68
1,Giants,Francis Mauigoa,OG,68,0,4,72
1,Giants,Andrew Thomas,OT,68,0,0,68
1,Giants,Jon Runyan Jr.,OG,68,0,4,72
1,Giants,Malachi Fields,WR,49,0,0,49
1,Giants,Cam Skattebo,RB,41,0,0,41
1,Giants,Darnell Mooney,WR,39,0,0,39
1,Giants,Patrick Ricard,FB,36,0,0,36
1,Giants,Malik Nabers,WR,36,0,0,36
1,Giants,Isaiah Likely,TE,34,0,0,34
1,Giants,Theo Johnson,TE,32,0,7,39
1,Giants,Devin Singletary,RB,25,0,0,25
1,Giants,Chris Manhertz,TE,23,0,8,31
1,Giants,Braxton Berrios,WR,11,0,6,17
1,Giants,Odell Beckham Jr.,WR,11,0,0,11
1,Giants,Tyrone Tracy Jr.,RB,2,0,9,11
1,Giants,Abdul Carter,LB,1,47,0,48
1,Giants,Aaron Stinnie,OG,1,0,4,5
1,Giants,Jordan Stout,P,1,0,5,6
1,Giants,Tyler Nubin,S,0,52,4,56
1,Giants,Jevon Holland,S,0,52,1,53
1,Giants,Tremaine Edmunds,LB,0,52,0,52
1,Giants,Arvell Reese,LB,0,52,3,55
1,Giants,Brian Burns,LB,0,46,3,49
1,Giants,Greg Newsome II,CB,0,46,3,49
1,Giants,Deonte Banks,CB,0,43,3,46
1,Giants,Andru Phillips,CB,0,43,0,43
1,Giants,D.J. Reader,DT,0,25,1,26
1,Giants,Shelby Harris,DT,0,24,4,28
1,Giants,Chauncey Golston,DE,0,24,13,37
1,Giants,Kayvon Thibodeaux,DE,0,23,3,26
1,Giants,Darius Alexander,DT,0,16,0,16
1,Giants,C.J. Okoye,DT,0,11,4,15
1,Giants,Paulson Adebo,CB,0,9,8,17
1,Giants,Colton Hood,CB,0,6,12,18
1,Giants,Ar'Darius Washington,S,0,1,7,8
1,Giants,Dominic Zvada,K,0,0,9,9
1,Giants,Micah McFadden,LB,0,0,11,11
1,Giants,Marcus Mbow,OT,0,0,4,4
1,Giants,Zaire Barnes,LB,0,0,12,12
1,Giants,Elijah Campbell,S,0,0,15,15
1,Giants,Bryan Hudson,C,0,0,4,4
1,Giants,Malik Harrison,LB,0,0,15,15
1,Giants,Ben Mann,LS,0,0,5,5
1,Giants,Jack Kelly,LB,0,0,14,14
1,Jets,Joe Tippmann,C,63,0,6,69
1,Jets,Olu Fashanu,OT,63,0,6,69
1,Jets,Geno Smith,QB,63,0,0,63
1,Jets,Armand Membou,OT,63,0,6,69
1,Jets,Josh Myers,C,63,0,0,63
1,Jets,Dylan Parham,OG,63,0,6,69
1,Jets,Garrett Wilson,WR,46,0,1,47
1,Jets,Mason Taylor,TE,43,0,3,46
1,Jets,Adonai Mitchell,WR,42,0,1,43
1,Jets,Isaiah Williams,WR,39,0,10,49
1,Jets,Breece Hall,RB,37,0,1,38
1,Jets,Jeremy Ruckert,TE,27,0,6,33
1,Jets,Kenyon Sadiq,TE,26,0,0,26
1,Jets,Braelon Allen,RB,25,0,0,25
1,Jets,Jelani Woods,TE,15,0,1,16
1,Jets,Andrew Beck,FB,9,0,18,27
1,Jets,Omar Cooper Jr.,WR,4,0,0,4
1,Jets,Arian Smith,WR,2,0,6,8
1,Jets,David Onyemata,DT,0,34,9,43
1,Jets,David Bailey,LB,0,34,0,34
1,Jets,Braiden McGregor,DE,0,17,14,31
1,Jets,Jowon Briggs,DT,0,10,8,18
1,Jets,Malachi Moore,S,0,7,21,28
1,Jets,Minkah Fitzpatrick,S,0,6,0,6
1,Jets,Marcelino McCrary-Ball,LB,0,5,20,25
1,Jets,Isaiah Davis,RB,0,0,18,18
1,Jets,Jason Sanders,K,0,0,12,12
1,Jets,Austin McNamara,P,0,0,9,9
1,Jets,Thomas Hennessy,LS,0,0,9,9
1,Jets,Chukwuma Okorafor,OT,0,0,6,6
1,Jets,Max Mitchell,OT,0,0,6,6
1,Jets,Kiko Mauigoa,LB,0,0,18,18
1,Jets,Qwan'tez Stiggers,CB,0,0,20,20
1,Jets,Nahshon Wright,CB,0,0,12,12
1,Raiders,DJ Glaze,OT,67,0,5,72
1,Raiders,Jackson Powers-Johnson,OG,67,0,5,72
1,Raiders,Kirk Cousins,QB,67,0,0,67
1,Raiders,Spencer Burford,OG,67,0,5,72
1,Raiders,Tyler Linderbaum,C,67,0,0,67
1,Raiders,Kolton Miller,OT,67,0,5,72
1,Raiders,Michael Mayer,TE,54,0,0,54
1,Raiders,Ashton Jeanty,RB,49,0,0,49
1,Raiders,Tre Tucker,WR,47,0,0,47
1,Raiders,Jalen Nailor,WR,40,0,0,40
1,Raiders,Connor Heyward,FB,32,0,8,40
1,Raiders,Ian Thomas,TE,31,0,0,31
1,Raiders,Jack Bech,WR,27,0,3,30
1,Raiders,Mike Washington Jr.,RB,13,0,0,13
1,Raiders,Cody White,WR,11,0,14,25
1,Raiders,Dareke Young,WR,10,0,14,24
1,Raiders,Dylan Laube,RB,9,0,20,29
1,Raiders,Malik Benson,WR,7,0,2,9
1,Raiders,Chris Myarick,TE,5,0,3,8
1,Raiders,Nakobe Dean,LB,0,50,0,50
1,Raiders,Quay Walker,LB,0,50,0,50
1,Raiders,Jeremy Chinn,S,0,50,6,56
1,Raiders,Treydan Stukes,S,0,50,12,62
1,Raiders,Eric Stokes,CB,0,50,0,50
1,Raiders,Taron Johnson,CB,0,42,0,42
1,Raiders,Darien Porter,CB,0,42,8,50
1,Raiders,Maxx Crosby,DE,0,40,6,46
1,Raiders,Kwity Paye,DE,0,29,0,29
1,Raiders,Tonka Hemingway,DT,0,29,11,40
1,Raiders,Malcolm Koonce,DE,0,27,0,27
1,Raiders,Adam Butler,DT,0,19,0,19
1,Raiders,Jonah Laulu,DT,0,18,0,18
1,Raiders,Thomas Booker IV,DT,0,18,6,24
1,Raiders,Folorunso Fatukasi,DT,0,16,6,22
1,Raiders,Tommy Eichenberg,LB,0,8,20,28
1,Raiders,Hezekiah Masses,CB,0,8,0,8
1,Raiders,Patrick Johnson,DE,0,4,20,24
1,Raiders,Isaiah Pola-Mao,S,0,0,20,20
1,Raiders,Caleb Rogers,OT,0,0,5,5
1,Raiders,AJ Cole,P,0,0,8,8
1,Raiders,Trey Zuhn III,OG,0,0,5,5
1,Raiders,Charles Grant,OT,0,0,5,5
1,Raiders,Segun Olubi,LB,0,0,20,20
1,Raiders,Matt Gay,K,0,0,11,11
1,Raiders,Alex Ward,LS,0,0,8,8
1,Raiders,Tristin McCollum,S,0,0,14,14
1,Eagles,Lane Johnson,OT,53,0,0,53
1,Eagles,Cam Jurgens,C,53,0,0,53
1,Eagles,Jordan Mailata,OT,53,0,4,57
1,Eagles,Landon Dickerson,OG,53,0,4,57
1,Eagles,Jalen Hurts,QB,53,0,0,53
1,Eagles,Tyler Steen,OG,53,0,4,57
1,Eagles,DeVonta Smith,WR,50,0,1,51
1,Eagles,Dallas Goedert,TE,50,0,1,51
1,Eagles,Dontayvion Wicks,WR,48,0,0,48
1,Eagles,Saquon Barkley,RB,37,0,0,37
1,Eagles,Makai Lemon,WR,35,0,0,35
1,Eagles,Johnny Mundt,TE,18,0,12,30
1,Eagles,Will Shipley,RB,10,0,21,31
1,Eagles,Darius Cooper,WR,8,0,21,29
1,Eagles,Tank Bigsby,RB,6,0,11,17
1,Eagles,Cooper DeJean,CB,2,67,3,73
1,Eagles,E.J. Jenkins,TE,1,0,25,26
1,Eagles,Riq Woolen,CB,0,67,6,74
1,Eagles,Quinyon Mitchell,CB,0,67,0,68
1,Eagles,Andrew Mukuba,S,0,67,0,68
1,Eagles,Zack Baun,LB,0,67,3,71
1,Eagles,Jihaad Campbell,LB,0,64,9,74
1,Eagles,Jalen Carter,DT,0,63,6,70
1,Eagles,Jalyx Hunt,LB,0,52,6,59
1,Eagles,Marcus Epps,S,0,50,5,56
1,Eagles,Moro Ojomo,DT,0,46,6,53
1,Eagles,Nolan Smith,LB,0,45,2,48
1,Eagles,Jordan Davis,DT,0,33,9,42
1,Eagles,Arnold Ebiketie,LB,0,27,9,36
1,Eagles,A.J. Epenesa,DE,0,10,6,16
1,Eagles,Byron Young,DT,0,6,4,10
1,Eagles,Michael Carter II,CB,0,6,19,25
1,Eagles,Willie Lampkin,OG,0,0,4,4
1,Eagles,Ty Robinson,DT,0,0,8,8
1,Eagles,Mac McWilliams,CB,0,0,9,9
1,Eagles,Britain Covey,WR,0,0,6,6
1,Eagles,Jonathan Jones,CB,0,0,4,4
1,Eagles,Fred Johnson,OT,0,0,4,4
1,Eagles,Jeremiah Trotter Jr.,LB,0,0,24,24
1,Eagles,Braden Mann,P,0,0,11,11
1,Eagles,Jake Elliott,K,0,0,9,9
1,Eagles,Drew Kendall,C,0,0,4,4
1,Eagles,Smael Mondon Jr.,LB,0,0,20,20
1,Eagles,Kelee Ringo,CB,0,0,26,26
1,Eagles,Rocco Underwood,LS,0,0,11,11
1,Steelers,Aaron Rodgers,QB,63,0,0,63
1,Steelers,Dylan Cook,OT,63,0,6,69
1,Steelers,Zach Frazier,C,63,0,0,63
1,Steelers,Mason McCormick,OG,63,0,6,69
1,Steelers,Spencer Anderson,OG,63,0,0,63
1,Steelers,Troy Fautanu,OT,62,0,0,62
1,Steelers,DK Metcalf,WR,59,0,0,59
1,Steelers,Michael Pittman Jr.,WR,56,0,0,56
1,Steelers,Darnell Washington,TE,41,0,6,47
1,Steelers,Rico Dowdle,RB,37,0,0,37
1,Steelers,Roman Wilson,WR,35,0,0,35
1,Steelers,Pat Freiermuth,TE,29,0,2,31
1,Steelers,Jaylen Warren,RB,23,0,0,23
1,Steelers,Jalen Ramsey,CB,3,57,0,60
1,Steelers,Germie Bernard,WR,2,0,2,4
1,Steelers,Robert Tonyan,TE,1,0,2,3
1,Steelers,Max Iheanachor,OT,1,0,0,1
1,Steelers,Riley Nowakowski,FB,1,0,11,12
1,Steelers,Asante Samuel Jr.,CB,0,57,0,57
1,Steelers,Patrick Queen,LB,0,57,0,57
1,Steelers,Jaquan Brisker,S,0,57,0,57
1,Steelers,Jamel Dean,CB,0,56,0,56
1,Steelers,Payton Wilson,LB,0,54,5,59
1,Steelers,Alex Highsmith,LB,0,40,0,40
1,Steelers,T.J. Watt,DE,0,37,0,37
1,Steelers,Nick Herbig,LB,0,37,11,48
1,Steelers,Keeanu Benton,DT,0,33,1,34
1,Steelers,Cameron Heyward,DT,0,31,11,42
1,Steelers,Rayshawn Jenkins,S,0,28,10,38
1,Steelers,Derrick Harmon,DT,0,23,12,35
1,Steelers,Yahya Black,DT,0,17,13,30
1,Steelers,Sebastian Joseph-Day,DT,0,17,7,24
1,Steelers,Jack Sawyer,LB,0,6,13,19
1,Steelers,Daylen Everette,CB,0,1,16,17
1,Steelers,Carson Bruener,LB,0,0,13,13
1,Steelers,Chris Boswell,K,0,0,11,11
1,Steelers,Kaden Wetjen,WR,0,0,6,6
1,Steelers,Ben Skowronek,WR,0,0,11,11
1,Steelers,Robert Spears-Jennings,S,0,0,12,12
1,Steelers,Brandin Echols,CB,0,0,20,20
1,Steelers,Brock Hoffman,C,0,0,6,6
1,Steelers,Cameron Johnston,P,0,0,10,10
1,Steelers,Ryan McCollum,C,0,0,6,6
1,Steelers,Cole Holcomb,LB,0,0,11,11
1,Steelers,Eli Heidenreich,RB,0,0,9,9
1,Steelers,Christian Kuntz,LS,0,0,10,10
1,Steelers,Doneiko Slaughter,CB,0,0,5,5
1,Chargers,Rashawn Slater,OT,51,0,2,53
1,Chargers,Cole Strange,OG,51,0,2,53
1,Chargers,Justin Herbert,QB,51,0,0,51
1,Chargers,Joe Alt,OT,51,0,2,53
1,Chargers,Jake Slaughter,C,51,0,2,53
1,Chargers,Quentin Johnston,WR,40,0,0,40
1,Chargers,Tre' Harris,WR,37,0,9,46
1,Chargers,Kayode Awosika,OG,33,0,2,35
1,Chargers,David Njoku,TE,29,0,0,29
1,Chargers,Omarion Hampton,RB,29,0,0,29
1,Chargers,Charlie Kolar,TE,28,0,13,41
1,Chargers,Ladd McConkey,WR,25,0,0,25
1,Chargers,Alec Ingold,FB,20,0,9,29
1,Chargers,Trey Pipkins III,OT,18,0,2,20
1,Chargers,Keaton Mitchell,RB,16,0,5,21
1,Chargers,Derius Davis,WR,9,0,9,18
1,Chargers,Oronde Gadsden,TE,8,0,8,16
1,Chargers,Kimani Vidal,RB,4,0,1,5
1,Chargers,Derwin James Jr.,S,0,72,0,72
1,Chargers,Tarheeb Still,CB,0,64,10,74
1,Chargers,Daiyan Henley,LB,0,64,0,64
1,Chargers,Cam Hart,CB,0,60,10,70
1,Chargers,Tuli Tuipulotu,LB,0,53,7,60
1,Chargers,Khalil Mack,LB,0,50,0,50
1,Chargers,Elijah Molden,S,0,50,5,55
1,Chargers,Donte Jackson,CB,0,48,1,49
1,Chargers,Justin Eboigbe,DE,0,45,10,55
1,Chargers,Del'Shawn Phillips,LB,0,39,7,46
1,Chargers,Jamaree Caldwell,DT,0,39,8,47
1,Chargers,Dalvin Tomlinson,DT,0,38,8,46
1,Chargers,Tony Jefferson,S,0,38,4,42
1,Chargers,Akheem Mesidor,DE,0,33,13,46
1,Chargers,Teair Tart,DT,0,29,0,29
1,Chargers,Genesis Smith,S,0,26,19,45
1,Chargers,Bud Dupree,LB,0,21,11,32
1,Chargers,Troy Dye,LB,0,15,22,37
1,Chargers,Nick Barrett,DT,0,8,0,8
1,Chargers,Rodney Shelley,CB,0,0,13,13
1,Chargers,Travis Burke,OT,0,0,2,2
1,Chargers,Cameron Dicker,K,0,0,5,5
1,Chargers,KeAndre Lambert-Smith,WR,0,0,2,2
1,Chargers,Marlowe Wax,LB,0,0,14,14
1,Chargers,JK Scott,P,0,0,5,5
1,Chargers,Josh Harris,LS,0,0,5,5
1,Chargers,Kendall Williamson,S,0,0,16,16
1,Seahawks,Abraham Lucas,OT,48,0,3,51
1,Seahawks,Jalen Sundell,C,48,0,3,51
1,Seahawks,Anthony Bradford,OG,48,0,3,51
1,Seahawks,Charles Cross,OT,48,0,3,51
1,Seahawks,Grey Zabel,OG,48,0,3,51
1,Seahawks,Jaxon Smith-Njigba,WR,44,0,0,44
1,Seahawks,Drew Lock,QB,43,0,0,43
1,Seahawks,AJ Barner,TE,42,0,0,42
1,Seahawks,Cooper Kupp,WR,37,0,0,37
1,Seahawks,Rashid Shaheed,WR,32,0,7,39
1,Seahawks,Jadarian Price,RB,24,0,0,24
1,Seahawks,George Holani,RB,21,0,9,30
1,Seahawks,Brady Russell,FB,16,0,19,35
1,Seahawks,Elijah Arroyo,TE,11,0,5,16
1,Seahawks,Eric Saubert,TE,9,0,17,26
1,Seahawks,Sam Darnold,QB,5,0,0,5
1,Seahawks,Emanuel Wilson,RB,3,0,0,3
1,Seahawks,Josh Jones,OT,1,0,0,1
1,Seahawks,Ernest Jones IV,LB,0,67,2,69
1,Seahawks,Julian Love,S,0,67,2,69
1,Seahawks,Drake Thomas,LB,0,67,5,72
1,Seahawks,Josh Jobe,CB,0,66,0,66
1,Seahawks,Rodney Thomas II,S,0,66,0,66
1,Seahawks,Devon Witherspoon,CB,0,66,2,68
1,Seahawks,Nehemiah Pritchett,CB,0,50,4,54
1,Seahawks,Byron Murphy II,DT,0,47,2,49
1,Seahawks,Leonard Williams,DT,0,47,2,49
1,Seahawks,DeMarcus Lawrence,LB,0,41,2,43
1,Seahawks,Derick Hall,LB,0,40,2,42
1,Seahawks,Uchenna Nwosu,LB,0,32,0,32
1,Seahawks,Jarran Reed,DT,0,31,2,33
1,Seahawks,Rylie Mills,DE,0,15,2,17
1,Seahawks,Dante Fowler Jr.,LB,0,15,2,17
1,Seahawks,Tyrice Knight,LB,0,13,16,29
1,Seahawks,Brandon Pili,DT,0,6,2,8
1,Seahawks,Patrick O'Connell,LB,0,1,16,17
1,Seahawks,Chazz Surratt,LB,0,0,16,16
1,Seahawks,Michael Dickson,P,0,0,8,8
1,Seahawks,Julian Neal,CB,0,0,4,4
1,Seahawks,Christian Haynes,OG,0,0,3,3
1,Seahawks,Avery Smith,CB,0,0,9,9
1,Seahawks,Velus Jones Jr.,RB,0,0,16,16
1,Seahawks,Connor O'Toole,LB,0,0,18,18
1,Seahawks,Montorie Foster Jr.,WR,0,0,7,7
1,Seahawks,Chris Stoll,LS,0,0,8,8
1,Seahawks,Jason Myers,K,0,0,7,7
1,49ers,Connor Colby,OG,64,0,6,70
1,49ers,Brock Purdy,QB,64,0,0,64
1,49ers,Trent Williams,OT,64,0,0,64
1,49ers,Colton McKivitz,OT,64,0,6,70
1,49ers,Dominick Puni,OG,64,0,6,70
1,49ers,Jake Brendel,C,64,0,0,64
1,49ers,Mike Evans,WR,48,0,0,48
1,49ers,Luke Farrell,TE,45,0,18,63
1,49ers,Demarcus Robinson,WR,40,0,0,40
1,49ers,Christian McCaffrey,RB,35,0,0,35
1,49ers,Kyle Juszczyk,FB,33,0,6,39
1,49ers,George Kittle,TE,30,0,0,30
1,49ers,Kaelon Black,RB,28,0,0,28
1,49ers,Deebo Samuel,WR,26,0,2,28
1,49ers,De'Zhaun Stribling,WR,21,0,0,21
1,49ers,Jake Tonges,TE,8,0,4,12
1,49ers,Jacob Cowing,WR,5,0,5,10
1,49ers,KhaDarel Hodge,WR,1,0,12,13
1,49ers,Marques Sigle,S,0,57,8,65
1,49ers,Deommodore Lenoir,CB,0,57,2,59
1,49ers,Renardo Green,CB,0,57,1,58
1,49ers,Ji'Ayir Brown,S,0,51,7,58
1,49ers,Fred Warner,LB,0,49,2,51
1,49ers,Dre Greenlaw,LB,0,37,1,38
1,49ers,Upton Stout,CB,0,34,1,35
1,49ers,Nick Bosa,DE,0,33,1,34
1,49ers,Osa Odighizuwa,DT,0,33,2,35
1,49ers,Jaden Dugger,LB,0,32,12,44
1,49ers,Keion White,DE,0,27,2,29
1,49ers,C.J. West,DT,0,22,1,23
1,49ers,James Thompson Jr.,DE,0,20,0,20
1,49ers,Khalid Kareem,DE,0,19,0,19
1,49ers,Ogbo Okoronkwo,DE,0,16,1,17
1,49ers,Garret Wallow,LB,0,12,13,25
1,49ers,Jack Jones,CB,0,8,2,10
1,49ers,Malik Mustapha,S,0,6,10,16
1,49ers,Luke Gifford,LB,0,0,13,13
1,49ers,Carver Willis,OT,0,0,6,6
1,49ers,Siran Neal,CB,0,0,13,13
1,49ers,Eddy Pineiro,K,0,0,12,12
1,49ers,Ashtyn Davis,S,0,0,13,13
1,49ers,Jarrett Patterson,C,0,0,6,6
1,49ers,Corliss Waitman,P,0,0,8,8
1,49ers,Vederian Lowe,OT,0,0,6,6
1,49ers,Jonathan Weeks,LS,0,0,8,8
1,Rams,Coleman Shelton,C,57,0,1,58
1,Rams,Alaric Jackson,OT,57,0,1,58
1,Rams,Warren McClendon Jr.,OT,57,0,1,58
1,Rams,Steve Avila,OG,57,0,1,58
1,Rams,Kevin Dotson,OG,55,0,1,56
1,Rams,Matthew Stafford,QB,47,0,0,47
1,Rams,Colby Parkinson,TE,43,0,1,44
1,Rams,Puka Nacua,WR,39,0,0,39
1,Rams,Kyren Williams,RB,36,0,0,36
1,Rams,Davante Adams,WR,31,0,0,31
1,Rams,Terrance Ferguson,TE,30,0,6,36
1,Rams,Jordan Whittington,WR,24,0,13,37
1,Rams,Davis Allen,TE,19,0,9,28
1,Rams,Konata Mumpfield,WR,16,0,6,22
1,Rams,Xavier Smith,WR,15,0,11,26
1,Rams,Blake Corum,RB,13,0,0,13
1,Rams,Tyler Higbee,TE,11,0,10,21
1,Rams,Stetson Bennett IV,QB,10,0,0,10
1,Rams,Ronnie Rivers,RB,8,0,0,8
1,Rams,Beaux Limmer,OG,2,0,0,2
1,Rams,Jaylen Watson,CB,0,64,1,65
1,Rams,Quentin Lake,S,0,64,10,74
1,Rams,Trent McDuffie,CB,0,64,6,70
1,Rams,Nate Landman,LB,0,63,7,70
1,Rams,Kamren Kinchens,S,0,51,6,57
1,Rams,Byron Young,LB,0,46,1,47
1,Rams,Kobie Turner,DE,0,43,1,44
1,Rams,Myles Garrett,DE,0,39,6,45
1,Rams,Jaylen McCollough,S,0,38,15,53
1,Rams,Poona Ford,DT,0,32,8,40
1,Rams,Tyler Davis,DE,0,31,3,34
1,Rams,Kam Curl,S,0,30,1,31
1,Rams,Braden Fiske,DE,0,29,7,36
1,Rams,Omar Speights,LB,0,29,9,38
1,Rams,Josaiah Stewart,LB,0,28,2,30
1,Rams,Shaun Dolac,LB,0,19,17,36
1,Rams,Desjuan Johnson,LB,0,15,8,23
1,Rams,Ty Hamilton,DT,0,12,5,17
1,Rams,Josh Wallace,CB,0,7,8,15
1,Rams,Tanner Ingle,S,0,0,8,8
1,Rams,Emmanuel Forbes,CB,0,0,2,2
1,Rams,Joe Cardona,LS,0,0,4,4
1,Rams,Wesley Bailey,LB,0,0,2,2
1,Rams,Ethan Evans,P,0,0,4,4
1,Rams,David Quessenberry,OT,0,0,1,1
1,Rams,Harrison Mevis,K,0,0,3,3
1,Rams,Grant Stuard,LB,0,0,14,14
1,Buccaneers,Cody Mauch,OG,52,0,5,57
1,Buccaneers,Baker Mayfield,QB,52,0,0,52
1,Buccaneers,Ben Bredeson,OG,52,0,5,57
1,Buccaneers,Tristan Wirfs,OT,52,0,5,57
1,Buccaneers,Luke Goedeke,OT,52,0,5,57
1,Buccaneers,Graham Barton,C,52,0,0,52
1,Buccaneers,Cade Otton,TE,51,0,0,51
1,Buccaneers,Emeka Egbuka,WR,47,0,0,47
1,Buccaneers,Chris Godwin,WR,44,0,0,44
1,Buccaneers,Ted Hurst,WR,41,0,0,41
1,Buccaneers,Bucky Irving,RB,32,0,0,32
1,Buccaneers,Kenneth Gainwell,RB,24,0,9,33
1,Buccaneers,Tez Johnson,WR,11,0,1,12
1,Buccaneers,Payne Durham,TE,5,0,14,19
1,Buccaneers,Kameron Johnson,WR,4,0,14,18
1,Buccaneers,Bauer Sharp,TE,1,0,15,16
1,Buccaneers,Alex Anzalone,LB,0,63,7,70
1,Buccaneers,Zyon McCollum,CB,0,62,7,69
1,Buccaneers,Antoine Winfield Jr.,S,0,61,7,68
1,Buccaneers,Tykee Smith,S,0,61,7,68
1,Buccaneers,Josiah Trotter,LB,0,58,12,70
1,Buccaneers,Keionte Scott,CB,0,46,1,47
1,Buccaneers,Vita Vea,DT,0,44,7,51
1,Buccaneers,Benjamin Morrison,CB,0,42,12,54
1,Buccaneers,Rueben Bain Jr.,DE,0,41,0,41
1,Buccaneers,Calijah Kancey,DT,0,40,7,47
1,Buccaneers,Yaya Diaby,LB,0,40,6,46
1,Buccaneers,A'Shawn Robinson,DT,0,31,7,38
1,Buccaneers,Al-Quadin Muhammad,LB,0,25,1,26
1,Buccaneers,Anthony Nelson,DE,0,22,15,37
1,Buccaneers,Jacob Parrish,CB,0,20,2,22
1,Buccaneers,Rakeem Nunez-Roches,DT,0,16,0,16
1,Buccaneers,Elijah Roberts,DT,0,15,0,15
1,Buccaneers,SirVocea Dennis,LB,0,4,15,19
1,Buccaneers,Miles Killebrew,S,0,2,15,17
1,Buccaneers,Luke Haggard,OG,0,0,5,5
1,Buccaneers,Ko Kieft,TE,0,0,15,15
1,Buccaneers,Kevin Knowles,CB,0,0,15,15
1,Buccaneers,Chase McLaughlin,K,0,0,11,11
1,Buccaneers,Josh Williams,RB,0,0,5,5
1,Buccaneers,Riley Dixon,P,0,0,5,5
1,Buccaneers,Ben Chukwuma,OT,0,0,5,5
1,Buccaneers,David Walker,LB,0,0,15,15
1,Buccaneers,Ifeatu Melifonwu,S,0,0,15,15
1,Buccaneers,Evan Deckers,LS,0,0,5,5
1,Titans,Wan'Dale Robinson,WR,40,0,0,40
1,Titans,Tony Pollard,RB,25,0,0,25
1,Titans,Daniel Bellinger,TE,14,0,3,17
1,Titans,Chimere Dike,WR,4,0,9,13
1,Titans,Kevin Winston Jr.,S,0,63,3,66
1,Titans,Anthony Hill Jr.,LB,0,63,0,63
1,Titans,Alontae Taylor,CB,0,63,0,63
1,Titans,Cor'Dale Flott,CB,0,62,0,62
1,Titans,Cody Barton,LB,0,61,0,61
1,Titans,Amani Hooker,S,0,61,0,61
1,Titans,Jeffery Simmons,DT,0,46,6,52
1,Titans,Jermaine Johnson II,DE,0,38,6,44
1,Titans,John Franklin-Myers,DE,0,37,0,37
1,Titans,Marcus Harris,CB,0,34,2,36
1,Titans,Jacob Martin,DE,0,28,5,33
1,Titans,James Williams Sr.,LB,0,26,25,51
1,Titans,Nazir Stackhouse,DT,0,25,0,25
1,Titans,Solomon Thomas,DT,0,20,0,20
1,Titans,Jordan Elliott,DT,0,20,6,26
1,Titans,Oluwafemi Oladejo,DE,0,20,1,21
1,Titans,Keldric Faulk,DE,0,19,0,19
1,Titans,Tony Adams,S,0,4,9,13
1,Titans,Truman Jones,LB,0,2,25,27
1,Titans,Erick Hallett II,S,0,0,23,23
1,Titans,Mohamoud Diabate,LB,0,0,25,25
1,Titans,Morgan Cox,LS,0,0,9,9
1,Titans,Joey Slye,K,0,0,5,5
1,Titans,Pat Coogan,C,0,0,2,2
1,Titans,Terrell Burgess,S,0,0,25,25
1,Titans,Micah Robinson,CB,0,0,25,25
1,Titans,Jackson Slater,OG,0,0,2,2
1,Titans,David Martin-Robinson,TE,0,0,21,21
1,Titans,Kylen Granson,TE,0,0,19,19
1,Titans,James Hudson III,OT,0,0,2,2
1,Titans,Tommy Townsend,P,0,0,9,9
1,Titans,Julius Chestnut,RB,0,0,19,19
1,Commanders,Chris Paul,OG,67,0,4,72
1,Commanders,Josh Conerly Jr.,OT,67,0,4,72
1,Commanders,Sam Cosmi,OG,67,0,4,72
1,Commanders,Brandon Coleman,OT,67,0,4,72
1,Commanders,Jayden Daniels,QB,67,0,0,68
1,Commanders,Nick Allegretti,OG,67,0,4,72
1,Commanders,Terry McLaurin,WR,58,0,0,59
1,Commanders,Stefon Diggs,WR,41,0,0,42
1,Commanders,Chigoziem Okonkwo,TE,38,0,0,38
1,Commanders,Dyami Brown,WR,35,0,0,35
1,Commanders,Jacory Croskey-Merritt,RB,33,0,0,33
1,Commanders,John Bates,TE,32,0,15,48
1,Commanders,Rachaad White,RB,27,0,5,33
1,Commanders,Antonio Williams,WR,25,0,0,26
1,Commanders,Jaylin Lane,WR,18,0,12,30
1,Commanders,Ben Sinnott,TE,18,0,16,34
1,Commanders,Kaytron Allen,RB,7,0,6,13
1,Commanders,Colson Yankoff,TE,2,0,27,29
1,Commanders,Andrew Wylie,OG,1,0,4,5
1,Commanders,Jeremy Reaves,S,0,53,15,68
1,Commanders,Amik Robertson,CB,0,53,0,53
1,Commanders,Nick Cross,S,0,52,0,52
1,Commanders,Mike Sainristil,CB,0,52,4,56
1,Commanders,Sonny Styles,LB,0,47,9,56
1,Commanders,Odafe Oweh,LB,0,44,0,44
1,Commanders,K'Lavon Chaisson,DE,0,41,4,45
1,Commanders,Daron Payne,DT,0,33,4,37
1,Commanders,Javon Kinlaw,DT,0,31,5,36
1,Commanders,Frankie Luvu,LB,0,28,2,30
1,Commanders,Charles Omenihu,DE,0,27,4,31
1,Commanders,Leo Chenal,LB,0,22,22,44
1,Commanders,Quan Martin,S,0,21,22,43
1,Commanders,Tim Settle Jr.,DT,0,18,2,20
1,Commanders,Rasul Douglas,CB,0,17,2,19
1,Commanders,Shy Tuttle,DT,0,14,1,15
1,Commanders,Joshua Josephs,LB,0,12,3,15
1,Commanders,Javontae Jean-Baptiste,DE,0,9,5,14
1,Commanders,Jordan Magee,LB,0,9,22,31
1,Commanders,Fabian Moreau,CB,0,0,12,12
1,Commanders,Kain Medrano,LB,0,0,24,24
1,Commanders,Tress Way,P,0,0,10,10
1,Commanders,Tyler Owens,S,0,0,22,22
1,Commanders,Tyler Ott,LS,0,0,10,10
1,Commanders,Percy Butler,S,0,0,23,23
1,Commanders,Drew Stevens,K,0,0,9,9
2,Cardinals,Jacoby Brissett,QB,47,0,0,47
2,Cardinals,Elijah Wilkinson,OT,47,0,1,48
2,Cardinals,Paris Johnson Jr.,OT,47,0,1,48
2,Cardinals,Isaac Seumalo,OG,47,0,1,48
2,Cardinals,Isaiah Adams,OG,47,0,1,48
2,Cardinals,Hjalte Froholdt,C,47,0,0,47
2,Cardinals,Michael Wilson,WR,44,1,0,45
2,Cardinals,Trey McBride,TE,41,1,0,42
2,Cardinals,Marvin Harrison Jr.,WR,34,0,0,34
2,Cardinals,Tyler Allgeier,RB,30,0,0,30
2,Cardinals,Kendrick Bourne,WR,27,0,0,27
2,Cardinals,Jeremiyah Love,RB,19,0,0,19
2,Cardinals,Hunter Long,TE,15,0,14,29
2,Cardinals,Elijah Higgins,TE,13,0,15,28
2,Cardinals,Simi Fehoko,WR,6,0,17,23
2,Cardinals,Bam Knight,RB,3,0,6,9
2,Cardinals,Jalen Brooks,WR,2,0,8,10
2,Cardinals,Jayden Williams,OT,1,0,1,2
2,Cardinals,Andrew Wingard,S,0,67,7,74
2,Cardinals,Budda Baker,S,0,67,1,68
2,Cardinals,Jack Gibbens,LB,0,66,12,78
2,Cardinals,Mack Wilson Sr.,LB,0,62,0,62
2,Cardinals,Denzel Burke,CB,0,56,0,56
2,Cardinals,Will Johnson,CB,0,55,2,57
2,Cardinals,Roy Lopez,DT,0,47,0,47
2,Cardinals,Dante Stills,DE,0,41,5,46
2,Cardinals,Walter Nolen III,DE,0,40,0,40
2,Cardinals,Josh Sweat,LB,0,33,0,33
2,Cardinals,Jordan Burch,LB,0,32,15,47
2,Cardinals,Baron Browning,LB,0,32,3,35
2,Cardinals,Darius Robinson,DE,0,27,5,32
2,Cardinals,Zaven Collins,LB,0,27,11,38
2,Cardinals,L.J. Collier,DE,0,27,5,32
2,Cardinals,Max Melton,CB,0,21,7,28
2,Cardinals,Eku Leota,LB,0,11,10,21
2,Cardinals,Kei'Trel Clark,CB,0,10,9,19
2,Cardinals,Kalen King,CB,0,5,4,9
2,Cardinals,Cody Simon,LB,0,5,22,27
2,Cardinals,Wydett Williams Jr.,S,0,4,4,8
2,Cardinals,Dadrion Taylor-Demerson,S,0,2,15,17
2,Cardinals,Devin Duvernay,WR,0,0,8,8
2,Cardinals,Hayden Conner,OG,0,0,1,1
2,Cardinals,Casey Kreiter,LS,0,0,8,8
2,Cardinals,Karson Sharar,LB,0,0,22,22
2,Cardinals,Jon Gaines II,OG,0,0,1,1
2,Cardinals,Chad Ryland,K,0,0,3,3
2,Cardinals,Blake Gillikin,P,0,0,8,8
2,Falcons,Matthew Bergeron,OG,67,0,2,69
2,Falcons,Jake Matthews,OT,67,0,2,69
2,Falcons,Ryan Neuzil,C,67,0,2,69
2,Falcons,Chris Lindstrom,OG,57,0,0,57
2,Falcons,Jahan Dotson,WR,50,0,0,50
2,Falcons,Drake London,WR,42,0,0,42
2,Falcons,Jawaan Taylor,OT,42,0,0,42
2,Falcons,Cooper Rush,QB,39,0,0,39
2,Falcons,Bijan Robinson,RB,34,0,0,34
2,Falcons,Chris Blair,WR,33,0,13,46
2,Falcons,Charlie Woerner,TE,33,0,12,45
2,Falcons,Brian Robinson,RB,32,0,0,32
2,Falcons,Austin Hooper,TE,29,0,7,36
2,Falcons,Olamide Zaccheaus,WR,29,0,7,36
2,Falcons,Jack Strand,QB,28,0,0,28
2,Falcons,Kyle Pitts,TE,26,0,0,26
2,Falcons,Michael Jerrell,OT,25,0,2,27
2,Falcons,Nick Muse,TE,14,0,18,32
2,Falcons,Zachariah Branch,WR,13,0,11,24
2,Falcons,Kyle Hinton,OG,10,0,2,12
2,Falcons,Mike Hughes,CB,0,60,0,60
2,Falcons,Xavier Watts,S,0,57,2,59
2,Falcons,Jessie Bates III,S,0,56,0,56
2,Falcons,C.J. Henderson,CB,0,55,7,62
2,Falcons,Divine Deablo,LB,0,51,6,57
2,Falcons,Kendal Daniels,LB,0,36,10,46
2,Falcons,Maason Smith,DT,0,34,6,40
2,Falcons,Cameron Thomas,DE,0,34,0,34
2,Falcons,Gervon Dexter Sr.,DT,0,33,6,39
2,Falcons,Yasir Abdullah,LB,0,27,16,43
2,Falcons,Za'Darius Smith,DE,0,26,0,26
2,Falcons,Avieon Terrell,CB,0,25,4,29
2,Falcons,Harold Perkins Jr.,LB,0,25,15,40
2,Falcons,LaCale London,DT,0,23,6,29
2,Falcons,Brandon Dorlus,DT,0,23,0,23
2,Falcons,Jared Ivey,LB,0,22,0,22
2,Falcons,Zach Harrison,DE,0,22,6,28
2,Falcons,Samson Ebukam,DE,0,18,0,18
2,Falcons,Sydney Brown,S,0,16,14,30
2,Falcons,Josh Woods,LB,0,5,22,27
2,Falcons,A.J. Terrell,CB,0,5,0,5
2,Falcons,DeMarcco Hellams,S,0,4,22,26
2,Falcons,Christian Harris,LB,0,3,13,16
2,Falcons,Nick Folk,K,0,0,4,4
2,Falcons,Jake Bailey,P,0,0,5,5
2,Falcons,Mike Ford Jr.,CB,0,0,15,15
2,Falcons,Corey Levin,C,0,0,2,2
2,Falcons,Liam McCullough,LS,0,0,5,5
2,Ravens,Jovaughn Gwyn,OG,56,0,0,56
2,Ravens,Vega Ioane,OG,56,0,4,60
2,Ravens,Roger Rosengarten,OT,56,0,4,60
2,Ravens,John Simpson,OG,56,0,4,60
2,Ravens,Lamar Jackson,QB,56,0,0,56
2,Ravens,Rashod Bateman,WR,52,0,0,52
2,Ravens,Ronnie Stanley,OT,44,0,0,44
2,Ravens,Mark Andrews,TE,40,0,0,40
2,Ravens,Chris Moore,WR,31,0,8,39
2,Ravens,Durham Smythe,TE,31,0,7,38
2,Ravens,Derrick Henry,RB,30,0,0,30
2,Ravens,LaJohntay Wester,WR,29,0,8,37
2,Ravens,Justice Hill,RB,26,0,0,26
2,Ravens,Matthew Hibner,TE,19,0,7,26
2,Ravens,Devontez Walker,WR,16,0,8,24
2,Ravens,Carson Vinson,OT,13,0,4,17
2,Ravens,Josh Cuevas,TE,5,0,1,6
2,Ravens,Roquan Smith,LB,0,64,0,65
2,Ravens,Kyle Hamilton,S,0,63,0,64
2,Ravens,Marlon Humphrey,CB,0,63,0,64
2,Ravens,Malaki Starks,S,0,63,12,76
2,Ravens,Nate Wiggins,CB,0,63,0,64
2,Ravens,Tavius Robinson,DE,0,49,14,64
2,Ravens,Trenton Simpson,LB,0,39,7,47
2,Ravens,Travis Jones,DT,0,34,8,43
2,Ravens,Mike Green,LB,0,31,0,31
2,Ravens,Broderick Washington Jr.,DT,0,25,6,32
2,Ravens,Zion Young,DE,0,20,7,28
2,Ravens,John Jenkins,DT,0,20,0,21
2,Ravens,Calais Campbell,DE,0,12,1,13
2,Ravens,Aeneas Peebles,DT,0,8,0,8
2,Ravens,Chidobe Awuzie,CB,0,1,0,1
2,Ravens,Keyon Martin,CB,0,1,14,15
2,Ravens,Keondre Jackson,S,0,1,18,19
2,Ravens,Rasheen Ali,RB,0,0,14,14
2,Ravens,Ethan Burke,LB,0,0,16,16
2,Ravens,Tyler Loop,K,0,0,8,8
2,Ravens,Jay Higgins,LB,0,0,19,19
2,Ravens,Ryan Eckley,P,0,0,7,7
2,Ravens,Carl Jones Jr.,LB,0,0,14,14
2,Ravens,Emery Jones Jr.,OT,0,0,4,4
2,Ravens,Nick Moore,LS,0,0,7,7
2,Bills,Alec Anderson,OG,69,0,6,75
2,Bills,Dion Dawkins,OT,69,0,6,75
2,Bills,Spencer Brown,OT,69,0,6,75
2,Bills,Josh Allen,QB,69,0,0,69
2,Bills,O'Cyrus Torrence,OG,69,0,6,75
2,Bills,Connor McGovern,C,69,0,0,69
2,Bills,James Cook III,RB,55,0,0,55
2,Bills,Keon Coleman,WR,52,0,1,53
2,Bills,Dawson Knox,TE,51,0,1,52
2,Bills,Dalton Kincaid,TE,47,0,0,47
2,Bills,Khalil Shakir,WR,34,0,1,35
2,Bills,Jackson Hawes,TE,34,0,7,41
2,Bills,Josh Palmer,WR,26,0,0,26
2,Bills,DJ Moore,WR,20,0,0,20
2,Bills,Ray Davis,RB,8,0,5,13
2,Bills,Frank Gore Jr.,RB,8,0,4,12
2,Bills,Keleki Latu,TE,6,0,17,23
2,Bills,Greg Dortch,WR,4,0,8,12
2,Bills,Tylan Grable,OT,2,0,0,2
2,Bills,C.J. Gardner-Johnson,S,0,62,0,62
2,Bills,Cole Bishop,S,0,62,0,62
2,Bills,Terrel Bernard,LB,0,62,1,63
2,Bills,Christian Benford,CB,0,61,0,61
2,Bills,Maxwell Hairston,CB,0,47,8,55
2,Bills,Deone Walker,DT,0,42,8,50
2,Bills,Greg Rousseau,LB,0,41,4,45
2,Bills,Bradley Chubb,LB,0,40,0,40
2,Bills,Dee Alford,CB,0,35,4,39
2,Bills,Dorian Williams,LB,0,35,8,43
2,Bills,DeWayne Carter,DT,0,30,4,34
2,Bills,Landon Jackson,DE,0,27,10,37
2,Bills,Michael Hoecht,LB,0,25,19,44
2,Bills,Greg Gaines,DT,0,18,5,23
2,Bills,T.J. Parker,LB,0,16,15,31
2,Bills,Damar Hamlin,S,0,16,16,32
2,Bills,Javon Solomon,LB,0,15,13,28
2,Bills,Davison Igbinosun,CB,0,15,15,30
2,Bills,Jordan Hancock,S,0,13,19,32
2,Bills,Kaleb Elarms-Orr,LB,0,12,15,27
2,Bills,Mike Danna,DE,0,8,1,9
2,Bills,Reid Ferguson,LS,0,0,8,8
2,Bills,Sam Franklin Jr.,S,0,0,21,21
2,Bills,Lloyd Cushenberry III,C,0,0,6,6
2,Bills,Joe Andreessen,LB,0,0,23,23
2,Bills,Austin Corbett,C,0,0,6,6
2,Bills,Tyler Bass,K,0,0,13,13
2,Bills,Tommy Doman Jr.,P,0,0,8,8
2,Panthers,Monroe Freeling,OT,60,0,6,66
2,Panthers,Robert Hunt,OG,59,0,6,65
2,Panthers,Damien Lewis,OG,57,0,6,63
2,Panthers,Rasheed Walker,OT,56,0,6,62
2,Panthers,Luke Fortner,C,56,0,0,56
2,Panthers,Bryce Young,QB,56,0,0,56
2,Panthers,Tetairoa McMillan,WR,50,0,0,50
2,Panthers,Jalen Coker,WR,47,0,3,50
2,Panthers,Chuba Hubbard,RB,37,0,0,37
2,Panthers,Mitchell Evans,TE,33,0,8,41
2,Panthers,Tommy Tremble,TE,32,0,6,38
2,Panthers,Xavier Legette,WR,30,0,2,32
2,Panthers,Darren Waller,TE,26,0,0,26
2,Panthers,Jonathon Brooks,RB,20,0,0,20
2,Panthers,Brycen Tremayne,WR,9,0,15,24
2,Panthers,John Metchie III,WR,7,0,2,9
2,Panthers,Corey Bullock,OG,5,0,6,11
2,Panthers,Sam Hecht,C,4,0,6,10
2,Panthers,Stone Forsythe,OT,4,0,6,10
2,Panthers,A.J. Dillon,RB,4,0,3,7
2,Panthers,Feleipe Franks,TE,4,0,16,20
2,Panthers,Kenny Pickett,QB,4,0,0,4
2,Panthers,Lathan Ransom,S,0,57,9,66
2,Panthers,Mike Jackson,CB,0,57,2,59
2,Panthers,Tre'von Moehrig,S,0,57,0,57
2,Panthers,Bobby Okereke,LB,0,49,3,52
2,Panthers,Devin Lloyd,LB,0,48,0,48
2,Panthers,Jaycee Horn,CB,0,48,0,48
2,Panthers,Aaron Hall,DT,0,42,3,45
2,Panthers,Derrick Brown,DT,0,39,2,41
2,Panthers,TeRah Edwards,DT,0,38,3,41
2,Panthers,Jaelan Phillips,LB,0,37,0,37
2,Panthers,Cam Jackson,DT,0,36,2,38
2,Panthers,Will Lee III,CB,0,36,7,43
2,Panthers,Zakee Wheatley,S,0,30,9,39
2,Panthers,Princely Umanmielen,LB,0,30,5,35
2,Panthers,Trevis Gipson,DE,0,26,1,27
2,Panthers,Jeremiah Moon,LB,0,26,10,36
2,Panthers,Lee Hunter,DT,0,20,0,20
2,Panthers,Thomas Incoom,LB,0,19,18,37
2,Panthers,Jackson Kuwatch,LB,0,17,18,35
2,Panthers,Akayleb Evans,CB,0,15,18,33
2,Panthers,Nick Scott,S,0,5,0,5
2,Panthers,Isaiah Simmons,LB,0,5,18,23
2,Panthers,JJ Jansen,LS,0,0,10,10
2,Panthers,Sam Martin,P,0,0,10,10
2,Panthers,Claudin Cherelus,LB,0,0,5,5
2,Panthers,Ryan Fitzgerald,K,0,0,13,13
2,Bears,Joe Thuney,OG,70,0,0,70
2,Bears,Jonah Jackson,OG,70,0,2,72
2,Bears,Darnell Wright,OT,70,0,2,72
2,Bears,Garrett Bradbury,C,70,0,0,70
2,Bears,Colston Loveland,TE,61,0,0,61
2,Bears,Caleb Williams,QB,60,0,0,60
2,Bears,Rome Odunze,WR,60,0,0,60
2,Bears,Braxton Jones,OT,52,0,2,54
2,Bears,Cole Kmet,TE,48,0,2,50
2,Bears,D'Andre Swift,RB,47,0,0,47
2,Bears,Kalif Raymond,WR,45,0,6,51
2,Bears,Luther Burden III,WR,39,0,0,39
2,Bears,Kyle Monangai,RB,23,0,0,23
2,Bears,Theo Benedet,OT,18,0,2,20
2,Bears,Sam Roush,TE,18,0,9,27
2,Bears,Tyson Bagent,QB,10,0,0,10
2,Bears,Jahdae Walker,WR,7,0,13,20
2,Bears,Zavion Thomas,WR,1,0,4,5
2,Bears,Roschon Johnson,RB,1,0,13,14
2,Bears,Devin Bush,LB,0,51,0,51
2,Bears,Dillon Thieneman,S,0,51,5,56
2,Bears,T.J. Edwards,LB,0,51,0,51
2,Bears,Jaylon Johnson,CB,0,51,0,51
2,Bears,Tyrique Stevenson,CB,0,44,2,46
2,Bears,Cam Lewis,S,0,40,11,51
2,Bears,Grady Jarrett,DT,0,37,0,37
2,Bears,Montez Sweat,DE,0,35,0,35
2,Bears,Malik Muhammad,CB,0,32,1,33
2,Bears,Dayo Odeyingbo,DE,0,31,3,34
2,Bears,Kentavius Street,DT,0,27,6,33
2,Bears,James Lynch,DT,0,27,3,30
2,Bears,D'Marco Jackson,LB,0,24,10,34
2,Bears,Austin Booker,DE,0,19,0,19
2,Bears,Neville Gallimore,DT,0,18,3,21
2,Bears,Xavier Woods,S,0,14,0,14
2,Bears,Jordan van den Berg,DT,0,9,6,15
2,Bears,Jack Sanborn,LB,0,0,19,19
2,Bears,Clark Phillips III,CB,0,0,6,6
2,Bears,Daniel Hardy,DE,0,0,19,19
2,Bears,Skyler Thomas,S,0,0,13,13
2,Bears,Elijah Hicks,S,0,0,19,19
2,Bears,Luke Newman,OG,0,0,2,2
2,Bears,Logan Jones,C,0,0,2,2
2,Bears,Beau Gardner,LS,0,0,6,6
2,Bears,Cairo Santos,K,0,0,4,4
2,Bears,Josh Blackwell,CB,0,0,17,17
2,Bears,Tory Taylor,P,0,0,6,6
2,Bears,Keyshaun Elliott,LB,0,0,13,13
2,Bengals,Orlando Brown Jr.,OT,59,0,4,63
2,Bengals,Dylan Fairchild,OG,59,0,4,63
2,Bengals,Ted Karras,C,59,0,4,63
2,Bengals,Joe Burrow,QB,59,0,0,59
2,Bengals,Dalton Risner,OG,59,0,4,63
2,Bengals,Amarius Mims,OT,56,0,4,60
2,Bengals,Ja'Marr Chase,WR,52,0,0,52
2,Bengals,Tee Higgins,WR,42,0,0,42
2,Bengals,Chase Brown,RB,41,0,0,41
2,Bengals,Drew Sample,TE,35,0,8,43
2,Bengals,Andrei Iosivas,WR,32,0,2,34
2,Bengals,Samaje Perine,RB,24,0,13,37
2,Bengals,Erick All,TE,24,0,4,28
2,Bengals,Mike Gesicki,TE,21,0,0,21
2,Bengals,Dohnte Meyers,WR,11,0,8,19
2,Bengals,Colbie Young,WR,10,0,14,24
2,Bengals,Javon Foster,OT,3,0,0,3
2,Bengals,Jacob Bayer,C,1,0,0,1
2,Bengals,Tahj Brooks,RB,1,0,3,4
2,Bengals,Jack Endries,TE,1,0,8,9
2,Bengals,DJ Turner II,CB,0,76,0,76
2,Bengals,Jordan Battle,S,0,76,9,85
2,Bengals,Bryan Cook,S,0,76,0,76
2,Bengals,Barrett Carter,LB,0,76,4,80
2,Bengals,Dax Hill,CB,0,75,4,79
2,Bengals,Demetrius Knight Jr.,LB,0,69,0,69
2,Bengals,Jalen Davis,CB,0,57,0,57
2,Bengals,Boye Mafe,LB,0,53,0,53
2,Bengals,Dexter Lawrence,DT,0,49,4,53
2,Bengals,Jonathan Allen,DT,0,49,0,49
2,Bengals,Myles Murphy,LB,0,42,4,46
2,Bengals,Cashius Howell,LB,0,38,0,38
2,Bengals,Kris Jenkins Jr.,DT,0,29,4,33
2,Bengals,T.J. Slaton,DT,0,26,4,30
2,Bengals,Cedric Johnson,LB,0,23,24,47
2,Bengals,Tacario Davis,CB,0,11,10,21
2,Bengals,D.J. Ivey,CB,0,6,22,28
2,Bengals,Shemar Stewart,DE,0,5,0,5
2,Bengals,Ryan Rehkow,P,0,0,12,12
2,Bengals,Evan McPherson,K,0,0,9,9
2,Bengals,Kyle Dugger,S,0,0,21,21
2,Bengals,William Wagner,LS,0,0,12,12
2,Bengals,Joe Giles-Harris,LB,0,0,21,21
2,Bengals,Oren Burks,LB,0,0,25,25
2,Bengals,PJ Jules,S,0,0,25,25
2,Bengals,Jalen Rivers,OG,0,0,4,4
2,Bengals,Swayze Bozeman,LB,0,0,21,21
2,Browns,Austin Barber,OG,55,0,5,60
2,Browns,Zion Johnson,OG,55,0,5,60
2,Browns,Spencer Fano,OT,55,0,5,60
2,Browns,Elgton Jenkins,C,55,0,0,55
2,Browns,Deshaun Watson,QB,55,0,0,55
2,Browns,Tytus Howard,OT,53,0,5,58
2,Browns,Denzel Boston,WR,51,0,0,51
2,Browns,Harold Fannin Jr.,TE,47,0,0,47
2,Browns,Quinshon Judkins,RB,38,0,0,38
2,Browns,KC Concepcion,WR,36,0,4,40
2,Browns,Jerry Jeudy,WR,33,0,0,33
2,Browns,Blake Whiteheart,TE,26,0,15,41
2,Browns,Tylan Wallace,WR,12,0,15,27
2,Browns,Raheim Sanders,RB,11,0,6,17
2,Browns,Michael Burton,FB,10,0,10,20
2,Browns,Jaleel McLaughlin,RB,6,0,0,6
2,Browns,Isaiah Bond,WR,4,0,0,4
2,Browns,Dawand Jones,OT,2,0,5,7
2,Browns,Carsen Ryan,TE,1,0,16,17
2,Browns,Carson Schwesinger,LB,0,62,6,68
2,Browns,Denzel Ward,CB,0,62,5,67
2,Browns,Grant Delpit,S,0,62,5,67
2,Browns,Ronnie Hickman,S,0,59,5,64
2,Browns,Quincy Williams,LB,0,56,0,56
2,Browns,Myles Harden,CB,0,53,6,59
2,Browns,Tyson Campbell,CB,0,47,3,50
2,Browns,Jared Verse,DE,0,39,5,44
2,Browns,Mason Graham,DT,0,38,5,43
2,Browns,Isaiah McGuire,DE,0,38,0,38
2,Browns,Maliek Collins,DT,0,38,0,38
2,Browns,Mike Hall Jr.,DT,0,26,0,26
2,Browns,Sam Williams,DE,0,26,8,34
2,Browns,Adin Huntington,DT,0,22,12,34
2,Browns,Derek Barnett,DE,0,21,5,26
2,Browns,Mekhi Blackmon,CB,0,15,6,21
2,Browns,Emmanuel McNeil-Warren,S,0,10,17,27
2,Browns,Noah Igbinoghene,CB,0,8,8,16
2,Browns,Winston Reid,LB,0,0,25,25
2,Browns,Rex Sunahara,LS,0,0,9,9
2,Browns,Easton Mascarenas-Arnold,LB,0,0,20,20
2,Browns,Andre Szmyt,K,0,0,11,11
2,Browns,Zak Zinter,OG,0,0,5,5
2,Browns,Malachi Corley,WR,0,0,19,19
2,Browns,Corey Bojorquez,P,0,0,9,9
2,Browns,Nathaniel Watson,LB,0,0,20,20
2,Browns,Luke Wypler,C,0,0,5,5
2,Browns,Donovan McMillon,S,0,0,20,20
2,Cowboys,Dak Prescott,QB,54,0,0,54
2,Cowboys,Tyler Guyton,OT,54,0,7,61
2,Cowboys,Cooper Beebe,C,54,0,0,54
2,Cowboys,Tyler Booker,OG,54,0,7,61
2,Cowboys,T.J. Bass,OG,54,0,7,61
2,Cowboys,Terence Steele,OT,54,0,7,61
2,Cowboys,Javonte Williams,RB,43,0,0,43
2,Cowboys,George Pickens,WR,41,0,0,41
2,Cowboys,Ryan Flournoy,WR,41,0,0,41
2,Cowboys,CeeDee Lamb,WR,40,0,0,40
2,Cowboys,Jake Ferguson,TE,32,0,0,32
2,Cowboys,Brevyn Spann-Ford,TE,21,0,14,35
2,Cowboys,Luke Schoonmaker,TE,16,0,12,28
2,Cowboys,Jonathan Mingo,WR,11,0,6,17
2,Cowboys,Hunter Luepke,FB,10,0,15,25
2,Cowboys,Emari Demercado,RB,9,0,0,9
2,Cowboys,KaVontae Turpin,WR,5,0,6,11
2,Cowboys,Drew Shelton,OT,1,0,7,8
2,Cowboys,Caleb Downs,S,0,67,8,75
2,Cowboys,Jalen Thompson,S,0,67,0,67
2,Cowboys,DaRon Bland,CB,0,63,0,63
2,Cowboys,Markquese Bell,S,0,53,10,63
2,Cowboys,Dee Winters,LB,0,49,0,49
2,Cowboys,Quinnen Williams,DT,0,48,5,53
2,Cowboys,Donovan Ezeiruaku,LB,0,46,5,51
2,Cowboys,Kenny Clark,DT,0,45,0,45
2,Cowboys,Rashan Gary,LB,0,43,0,43
2,Cowboys,Jaishawn Barham,LB,0,42,0,42
2,Cowboys,Shemar James,LB,0,37,13,50
2,Cowboys,Cobie Durant,CB,0,36,0,36
2,Cowboys,Shavon Revel Jr.,CB,0,32,14,46
2,Cowboys,Otito Ogbonnia,DT,0,29,5,34
2,Cowboys,Malachi Lawrence,LB,0,22,6,28
2,Cowboys,Von Miller,LB,0,20,0,20
2,Cowboys,LT Overton,DE,0,13,5,18
2,Cowboys,Jonathan Bullard,DE,0,12,0,12
2,Cowboys,Ameer Speed,CB,0,4,20,24
2,Cowboys,P.J. Locke,S,0,3,0,3
2,Cowboys,Tyrus Wheat,DE,0,3,14,17
2,Cowboys,Curtis Robinson,LB,0,2,19,21
2,Cowboys,Justin Barron,LB,0,1,20,21
2,Cowboys,Nick Leverett,OG,0,0,7,7
2,Cowboys,Alijah Clark,S,0,0,20,20
2,Cowboys,Broderick Jones,OT,0,0,7,7
2,Cowboys,Trent Sieg,LS,0,0,8,8
2,Cowboys,Brandon Aubrey,K,0,0,15,15
2,Cowboys,Bryan Anger,P,0,0,8,8
2,Broncos,Mike McGlinchey,OT,59,0,4,63
2,Broncos,Ben Powers,OG,59,0,4,63
2,Broncos,Luke Wattenberg,C,59,0,0,59
2,Broncos,Bo Nix,QB,59,0,0,59
2,Broncos,Garrett Bolles,OT,59,0,4,63
2,Broncos,Quinn Meinerz,OG,57,0,4,61
2,Broncos,Courtland Sutton,WR,43,0,0,43
2,Broncos,Adam Trautman,TE,39,0,4,43
2,Broncos,Pat Bryant,WR,38,0,0,38
2,Broncos,Jaylen Waddle,WR,35,0,0,35
2,Broncos,Evan Engram,TE,29,0,0,29
2,Broncos,Jonah Coleman,RB,25,0,3,28
2,Broncos,Nate Adkins,TE,23,0,6,29
2,Broncos,J.K. Dobbins,RB,19,0,0,19
2,Broncos,Tyler Badie,RB,15,0,11,26
2,Broncos,Troy Franklin,WR,13,0,0,13
2,Broncos,Adam Prentice,FB,8,0,15,23
2,Broncos,Alex Palczewski,OT,4,0,4,8
2,Broncos,Talanoa Hufanga,S,3,55,4,62
2,Broncos,Lil'Jordan Humphrey,WR,3,0,0,3
2,Broncos,Pat Surtain II,CB,0,55,0,55
2,Broncos,Alex Singleton,LB,0,55,0,55
2,Broncos,Riley Moss,CB,0,54,4,58
2,Broncos,Brandon Jones,S,0,54,0,54
2,Broncos,Justin Strnad,LB,0,51,0,51
2,Broncos,Zach Allen,DE,0,45,4,49
2,Broncos,Ja'Quan McMillian,CB,0,39,0,39
2,Broncos,Jonah Elliss,LB,0,37,3,40
2,Broncos,Nik Bonitto,LB,0,36,0,36
2,Broncos,Malcolm Roach,DT,0,31,4,35
2,Broncos,Eyioma Uwazurike,DT,0,25,4,29
2,Broncos,D.J. Jones,DT,0,23,0,23
2,Broncos,Que Robinson,LB,0,19,17,36
2,Broncos,Dondrea Tillman,LB,0,18,16,34
2,Broncos,Sai'vion Jones,DE,0,5,4,9
2,Broncos,Jahdae Barron,CB,0,2,10,12
2,Broncos,JL Skinner,S,0,1,15,16
2,Broncos,Karene Reid,LB,0,0,12,12
2,Broncos,Jordan Turner,LB,0,0,19,19
2,Broncos,Alex Forsyth,C,0,0,4,4
2,Broncos,Matt Peart,OT,0,0,4,4
2,Broncos,Mitchell Fraboni,LS,0,0,7,7
2,Broncos,Jeremy Crawshaw,P,0,0,7,7
2,Broncos,Wil Lutz,K,0,0,9,9
2,Broncos,Tycen Anderson,S,0,0,15,15
2,Broncos,Devon Key,S,0,0,19,19
2,Broncos,Kris Abrams-Draine,CB,0,0,13,13
2,Lions,Ben Bartch,OG,62,0,5,67
2,Lions,Penei Sewell,OT,62,0,5,67
2,Lions,Juice Scruggs,OG,62,0,5,67
2,Lions,Tate Ratledge,OG,62,0,5,67
2,Lions,Larry Borom,OT,62,0,5,67
2,Lions,Sam LaPorta,TE,61,0,0,61
2,Lions,Jameson Williams,WR,60,0,0,60
2,Lions,Amon-Ra St. Brown,WR,59,1,0,60
2,Lions,Jahmyr Gibbs,RB,51,0,0,51
2,Lions,Isaac TeSlaa,WR,46,0,0,46
2,Lions,Brock Wright,TE,17,0,12,29
2,Lions,Sione Vaki,RB,11,0,18,29
2,Lions,Tyler Conklin,TE,4,0,7,11
2,Lions,Joshua Dobbs,QB,1,0,0,1
2,Lions,Jackson Meeks,TE,1,0,14,15
2,Lions,Derrick Barnes,LB,0,69,8,77
2,Lions,Jack Campbell,LB,0,69,6,75
2,Lions,D.J. Reed,CB,0,66,0,66
2,Lions,Rock Ya-Sin,CB,0,65,1,66
2,Lions,Alim McNeill,DT,0,62,6,68
2,Lions,Chuck Clark,S,0,60,6,66
2,Lions,Aidan Hutchinson,DE,0,59,0,59
2,Lions,Tyleik Williams,DT,0,44,6,50
2,Lions,Tyler Lacy,DE,0,34,0,34
2,Lions,Devin White,LB,0,30,0,30
2,Lions,Thomas Harper,S,0,30,7,37
2,Lions,Christian Izien,S,0,25,11,36
2,Lions,Avonte Maddox,S,0,25,0,25
2,Lions,D.J. Wonnum,DE,0,25,6,31
2,Lions,Skyler Gill-Howard,DT,0,22,6,28
2,Lions,Levi Onwuzurike,DT,0,20,0,20
2,Lions,Roger McCreary,CB,0,17,9,26
2,Lions,Derrick Moore,DE,0,16,0,16
2,Lions,Malcolm Rodriguez,LB,0,14,16,30
2,Lions,Trevor Nowaske,LB,0,5,24,29
2,Lions,Khalil Dorsey,CB,0,2,17,19
2,Lions,Devin Cochran,OT,0,0,5,5
2,Lions,Jack Fox,P,0,0,9,9
2,Lions,Miles Frazier,OG,0,0,5,5
2,Lions,Jacob Saylors,RB,0,0,18,18
2,Lions,NULL,LB,0,0,14,14
2,Lions,Hogan Hatten,LS,0,0,9,9
2,Lions,Tom Kennedy,WR,0,0,9,9
2,Lions,Tay Martin,WR,0,0,18,18
2,Lions,Jake Bates,K,0,0,10,10
2,Lions,Eric O'Neill,DE,0,0,17,17
2,Packers,Jacob Monk,C,50,0,4,54
2,Packers,Jordan Love,QB,50,0,0,50
2,Packers,Jordan Morgan,OT,50,0,4,54
2,Packers,Tucker Kraft,TE,50,0,0,50
2,Packers,Sean Rhyan,C,50,0,3,53
2,Packers,Anthony Belton,OT,47,0,4,51
2,Packers,Christian Watson,WR,46,0,0,46
2,Packers,Matthew Golden,WR,42,0,0,42
2,Packers,Chris Brooks,RB,22,0,9,31
2,Packers,Aaron Banks,OG,20,0,1,21
2,Packers,Jager Burton,C,19,0,3,22
2,Packers,Skyy Moore,WR,18,0,11,29
2,Packers,Mark Redman,TE,17,0,4,21
2,Packers,Marshawn Lloyd,RB,14,0,0,14
2,Packers,Kaleb Johnson,RB,14,0,1,15
2,Packers,Jonnu Smith,TE,12,0,4,16
2,Packers,Donovan Jennings,OG,11,0,1,12
2,Packers,Bo Melton,WR,7,0,16,23
2,Packers,J. Michael Sturdivant,WR,6,0,18,24
2,Packers,Zach Bako-Bewele,OT,3,0,0,3
2,Packers,Jayden Reed,WR,2,0,0,2
2,Packers,Zaire Franklin,LB,0,72,0,72
2,Packers,Evan Williams,S,0,72,8,80
2,Packers,Keisean Nixon,CB,0,72,0,72
2,Packers,Brandon Cisse,CB,0,72,6,78
2,Packers,Edgerrin Cooper,LB,0,72,0,72
2,Packers,Xavier McKinney,S,0,72,3,75
2,Packers,Javon Bullard,S,0,54,6,60
2,Packers,Lukas Van Ness,DE,0,52,3,55
2,Packers,Karl Brooks,DT,0,48,14,62
2,Packers,Devonte Wyatt,DT,0,41,0,41
2,Packers,Chris McClellan,DT,0,34,5,39
2,Packers,Barryn Sorrell,DE,0,31,17,48
2,Packers,Brenton Cox Jr.,DE,0,30,3,33
2,Packers,Jonathan Ford,DT,0,30,8,38
2,Packers,Dani Dennis-Sutton,DE,0,29,14,43
2,Packers,Anthony Campbell,DT,0,9,1,10
2,Packers,Carrington Valentine,CB,0,2,6,8
2,Packers,Isaiah McDuffie,LB,0,0,25,25
2,Packers,Matt Orzech,LS,0,0,10,10
2,Packers,Kamal Hadden,CB,0,0,12,12
2,Packers,Trey Smack,K,0,0,9,9
2,Packers,Daniel Whelan,P,0,0,10,10
2,Packers,Ty'Ron Hopper,LB,0,0,20,20
2,Packers,Kitan Oladapo,S,0,0,17,17
2,Packers,Nick Niemann,LB,0,0,25,25
2,Packers,Josh Whyle,TE,0,0,13,13
2,Texans,Aireontae Ersery,OT,76,0,4,80
2,Texans,Wyatt Teller,OG,76,0,4,80
2,Texans,Keylan Rutledge,OG,76,0,4,80
2,Texans,Trent Brown,OT,76,0,4,80
2,Texans,C.J. Stroud,QB,76,0,0,76
2,Texans,Evan Brown,OG,76,0,0,76
2,Texans,Xavier Hutchinson,WR,62,0,0,62
2,Texans,Kayshon Boutte,WR,56,0,0,56
2,Texans,Dalton Schultz,TE,50,0,0,50
2,Texans,Jaylin Noel,WR,46,0,12,58
2,Texans,David Montgomery,RB,40,0,0,40
2,Texans,Jared Wayne,WR,37,0,12,49
2,Texans,Woody Marks,RB,36,0,5,41
2,Texans,Foster Moreau,TE,23,0,9,32
2,Texans,Lewis Bond,WR,13,0,0,13
2,Texans,Marlin Klein,TE,8,0,5,13
2,Texans,Cade Stover,TE,8,0,13,21
2,Texans,Ka'imi Fairbairn,K,2,0,7,9
2,Texans,Blake Fisher,OT,1,0,4,5
2,Texans,Kamari Lassiter,CB,0,59,0,59
2,Texans,Calen Bullock,S,0,59,0,59
2,Texans,Derek Stingley Jr.,CB,0,59,0,59
2,Texans,Azeez Al-Shaair,LB,0,59,0,59
2,Texans,Jalen Pitre,S,0,59,0,59
2,Texans,Reed Blankenship,S,0,57,6,63
2,Texans,Jake Hansen,LB,0,52,9,61
2,Texans,Danielle Hunter,DE,0,50,1,51
2,Texans,Will Anderson Jr.,DE,0,46,1,47
2,Texans,Sheldon Rankins,DT,0,43,1,44
2,Texans,Tommy Togiai,DT,0,35,5,40
2,Texans,Logan Hall,DE,0,22,4,26
2,Texans,Mario Edwards Jr.,DT,0,17,5,22
2,Texans,Dominique Robinson,DE,0,14,10,24
2,Texans,Sabastian Harsh,DE,0,8,13,21
2,Texans,Jaylin Smith,CB,0,7,25,32
2,Texans,Jaden Crumedy,DT,0,3,0,3
2,Texans,Kamari Ramsey,S,0,0,19,19
2,Texans,Aiden Fisher,LB,0,0,10,10
2,Texans,Jamal Hill,LB,0,0,24,24
2,Texans,Wade Woodaz,LB,0,0,25,25
2,Texans,Kai Kroeger,P,0,0,9,9
2,Texans,Jake Andrews,C,0,0,4,4
2,Texans,George Odum,S,0,0,11,11
2,Texans,Febechi Nwaiwu,OG,0,0,4,4
2,Texans,British Brooks,RB,0,0,20,20
2,Texans,Austin Brinkman,LS,0,0,9,9
2,Texans,Tremon Smith,CB,0,0,21,21
2,Colts,Matt Goncalves,OG,63,0,6,69
2,Colts,Quenton Nelson,OG,63,0,0,63
2,Colts,Daniel Jones,QB,63,0,0,63
2,Colts,Jalen Travis,OT,63,0,6,69
2,Colts,Tanor Bortolini,C,63,0,0,63
2,Colts,Bernhard Raimann,OT,63,0,0,63
2,Colts,Jonathan Taylor,RB,60,0,0,60
2,Colts,Tyler Warren,TE,56,0,0,56
2,Colts,Josh Downs,WR,53,0,0,53
2,Colts,Laquon Treadwell,WR,46,0,17,63
2,Colts,Keenan Allen,WR,32,0,0,32
2,Colts,Mo Alie-Cox,TE,24,0,15,39
2,Colts,Drew Ogletree,TE,19,0,22,41
2,Colts,Alec Pierce,WR,17,0,0,17
2,Colts,Seth McGowan,RB,3,0,7,10
2,Colts,Deion Burks,WR,3,0,2,5
2,Colts,Luke Tenuta,OT,2,0,6,8
2,Colts,Camryn Bynum,S,0,78,8,86
2,Colts,Sauce Gardner,CB,0,75,1,76
2,Colts,Akeem Davis-Gaither,LB,0,73,7,80
2,Colts,Justin Walley,CB,0,66,8,74
2,Colts,DeForest Buckner,DT,0,63,0,63
2,Colts,Laiatu Latu,DE,0,60,0,60
2,Colts,Arden Key,DE,0,53,7,60
2,Colts,Jaylon Carlies,LB,0,49,2,51
2,Colts,Grover Stewart,DT,0,48,14,62
2,Colts,Hunter Wohler,S,0,41,17,58
2,Colts,A.J. Haulcy,S,0,36,0,36
2,Colts,Charvarius Ward,CB,0,35,0,35
2,Colts,Jerry Tillery,DT,0,32,8,40
2,Colts,Cam Taylor-Britt,CB,0,32,19,51
2,Colts,Jaylahn Tuimoloau,DE,0,27,19,46
2,Colts,Adetomiwa Adebawore,DT,0,23,27,50
2,Colts,Micheal Clemons,DE,0,22,2,24
2,Colts,Bryce Boettcher,LB,0,22,17,39
2,Colts,Caden Curry,DE,0,7,19,26
2,Colts,Kapena Gushiken,CB,0,7,8,15
2,Colts,CJ Allen,LB,0,5,0,5
2,Colts,Tim Smith,DT,0,3,0,3
2,Colts,Tahj Chambers,LB,0,0,27,27
2,Colts,Sedrick Van Pran-Granger,C,0,0,6,6
2,Colts,Jonathan Owens,S,0,0,20,20
2,Colts,Spencer Shrader,K,0,0,14,14
2,Colts,Jalen Farmer,OG,0,0,6,6
2,Colts,Anthony Gould,WR,0,0,9,9
2,Colts,Rigoberto Sanchez,P,0,0,8,8
2,Colts,Luke Rhodes,LS,0,0,8,8
2,Jaguars,Cole Van Lanen,OT,55,0,0,55
2,Jaguars,Trevor Lawrence,QB,55,0,0,55
2,Jaguars,Emmanuel Pregnon,OG,55,0,4,59
2,Jaguars,Ezra Cleveland,OG,55,0,4,59
2,Jaguars,Anton Harrison,OT,55,0,4,59
2,Jaguars,Robert Hainsey,C,55,0,0,55
2,Jaguars,Jakobi Meyers,WR,49,0,0,49
2,Jaguars,Brenton Strange,TE,44,0,0,44
2,Jaguars,Parker Washington,WR,43,0,3,46
2,Jaguars,Brian Thomas Jr.,WR,31,0,0,31
2,Jaguars,Bhayshul Tuten,RB,27,0,0,27
2,Jaguars,Nate Boerkircher,TE,21,0,0,21
2,Jaguars,Quintin Morris,TE,14,0,16,30
2,Jaguars,Chris Rodriguez Jr.,RB,13,0,0,13
2,Jaguars,Josh Cameron,WR,10,0,14,24
2,Jaguars,LeQuint Allen Jr.,RB,10,0,0,10
2,Jaguars,Travis Hunter,WR,7,35,1,43
2,Jaguars,Ameer Abdullah,RB,4,0,11,15
2,Jaguars,Wyatt Milum,OG,2,0,4,6
2,Jaguars,Antonio Johnson,S,0,59,1,60
2,Jaguars,Eric Murray,S,0,57,4,61
2,Jaguars,Foyesade Oluokun,LB,0,56,5,61
2,Jaguars,Josh Hines-Allen,DE,0,50,5,55
2,Jaguars,Travon Walker,DE,0,49,5,54
2,Jaguars,Montaric Brown,CB,0,47,7,54
2,Jaguars,Ventrell Miller,LB,0,45,8,53
2,Jaguars,Arik Armstead,DT,0,41,0,41
2,Jaguars,Jarrian Jones,CB,0,37,3,40
2,Jaguars,DaVon Hamilton,DT,0,35,4,39
2,Jaguars,Jourdan Lewis,CB,0,30,0,30
2,Jaguars,Matt Dickerson,DT,0,25,4,29
2,Jaguars,Dennis Gardeck,LB,0,22,14,36
2,Jaguars,Ruke Orhorhoro,DT,0,16,5,21
2,Jaguars,Branson Combs,LB,0,13,15,28
2,Jaguars,Danny Striggow,DE,0,11,5,16
2,Jaguars,Bryan Thomas Jr.,DE,0,8,9,17
2,Jaguars,Caleb Ransaw,S,0,7,18,25
2,Jaguars,Albert Regis,DT,0,6,1,7
2,Jaguars,Jahlani Tavai,LB,0,0,14,14
2,Jaguars,Rayuan Lane III,S,0,0,18,18
2,Jaguars,Walker Little,OT,0,0,4,4
2,Jaguars,Ross Matiscik,LS,0,0,8,8
2,Jaguars,Jalen McLeod,LB,0,0,10,10
2,Jaguars,Christian Braswell,CB,0,0,6,6
2,Jaguars,Jonah Monheim,C,0,0,4,4
2,Jaguars,Logan Cooke,P,0,0,8,8
2,Jaguars,Cam Little,K,0,0,7,7
2,Chiefs,Kahlil Benson,OT,78,0,8,86
2,Chiefs,Trey Smith,OG,78,0,8,86
2,Chiefs,Patrick Mahomes,QB,78,0,0,78
2,Chiefs,Kingsley Suamataia,OG,78,0,8,86
2,Chiefs,Creed Humphrey,C,78,0,8,86
2,Chiefs,Jaylon Moore,OT,77,0,7,84
2,Chiefs,Xavier Worthy,WR,67,0,0,67
2,Chiefs,Travis Kelce,TE,66,0,0,66
2,Chiefs,Kenneth Walker III,RB,64,0,0,64
2,Chiefs,Rashee Rice,WR,61,0,0,61
2,Chiefs,Tyquan Thornton,WR,46,0,0,46
2,Chiefs,Noah Gray,TE,39,0,10,49
2,Chiefs,Emmett Johnson,RB,14,0,15,29
2,Chiefs,Jalen Royals,WR,12,0,7,19
2,Chiefs,Jake Briningstool,TE,10,0,16,26
2,Chiefs,Khyiris Tonga,DT,4,35,7,46
2,Chiefs,Cyrus Allen,WR,3,0,3,6
2,Chiefs,Hunter Nourzad,C,3,0,8,11
2,Chiefs,Joshua Ezeudu,OT,1,0,1,2
2,Chiefs,Mike Caliendo,OG,1,0,8,9
2,Chiefs,Jaden Hicks,S,0,63,8,71
2,Chiefs,Nohl Williams,CB,0,63,15,78
2,Chiefs,Nick Bolton,LB,0,63,7,70
2,Chiefs,Alohi Gilman,S,0,63,1,64
2,Chiefs,Drue Tranquill,LB,0,61,7,68
2,Chiefs,George Karlaftis,DE,0,56,7,63
2,Chiefs,Kristian Fulton,CB,0,50,0,50
2,Chiefs,L'Jarius Sneed,CB,0,48,1,49
2,Chiefs,Chris Jones,DT,0,42,0,42
2,Chiefs,Peter Woods,DT,0,33,7,40
2,Chiefs,Felix Anudike-Uzomah,DE,0,28,0,28
2,Chiefs,Ashton Gillotte,DE,0,28,7,35
2,Chiefs,R Mason Thomas,DE,0,26,0,26
2,Chiefs,Jack Cochrane,LB,0,25,25,50
2,Chiefs,Christian Roland-Wallace,CB,0,6,18,24
2,Chiefs,Marcus Harris,DT,0,2,0,2
2,Chiefs,Jeffrey Bassa,LB,0,1,24,25
2,Chiefs,Matt Araiza,P,0,0,10,10
2,Chiefs,Harrison Butker,K,0,0,15,15
2,Chiefs,Cole Christiansen,LB,0,0,18,18
2,Chiefs,Xavier Nwankpa,S,0,0,16,16
2,Chiefs,Ben VanSumeren,FB,0,0,18,18
2,Chiefs,Nikko Remigio,WR,0,0,2,2
2,Chiefs,Brashard Smith,RB,0,0,9,9
2,Chiefs,James Winchester,LS,0,0,10,10
2,Chiefs,Jadon Canady,S,0,0,24,24
2,Dolphins,Kadyn Proctor,OG,55,0,4,59
2,Dolphins,Jonah Savaiinaea,OG,55,0,4,59
2,Dolphins,Austin Jackson,OT,55,0,4,59
2,Dolphins,Malik Willis,QB,55,0,0,55
2,Dolphins,Patrick Paul,OT,55,0,4,59
2,Dolphins,Aaron Brewer,C,55,0,0,55
2,Dolphins,Caleb Douglas,WR,47,0,0,47
2,Dolphins,De'Von Achane,RB,43,0,0,43
2,Dolphins,Malik Washington,WR,40,0,5,45
2,Dolphins,Greg Dulcich,TE,32,0,4,36
2,Dolphins,Will Kacmarek,TE,28,0,9,37
2,Dolphins,Kevin Coleman Jr.,WR,24,0,0,24
2,Dolphins,Chris Bell,WR,22,0,2,24
2,Dolphins,DJ Herman,FB,17,0,6,23
2,Dolphins,Ollie Gordon II,RB,9,0,7,16
2,Dolphins,Ryan Miller,WR,7,0,14,21
2,Dolphins,Jaylen Wright,RB,3,0,3,6
2,Dolphins,Caedan Wallace,OT,3,0,4,7
2,Dolphins,Jason Marshall Jr.,CB,0,46,7,53
2,Dolphins,Jacob Rodriguez,LB,0,45,5,50
2,Dolphins,Michael Taaffe,S,0,42,8,50
2,Dolphins,Jordyn Brooks,LB,0,42,5,47
2,Dolphins,Chris Johnson,CB,0,40,5,45
2,Dolphins,Dante Trader Jr.,S,0,37,12,49
2,Dolphins,Zach Sieler,DT,0,33,9,42
2,Dolphins,Zeek Biggers,DT,0,32,9,41
2,Dolphins,Jordan Phillips,DT,0,31,5,36
2,Dolphins,Willie Gay Jr.,LB,0,30,0,30
2,Dolphins,JuJu Brents,CB,0,30,0,30
2,Dolphins,Josh Uche,LB,0,29,0,29
2,Dolphins,Malik Herring,DE,0,21,0,21
2,Dolphins,Clelin Ferrell,DE,0,20,2,22
2,Dolphins,Robert Beal Jr.,DE,0,20,12,32
2,Dolphins,Zayne Anderson,S,0,13,3,16
2,Dolphins,Keith Cooper Jr.,DT,0,8,5,13
2,Dolphins,Jackson Woodard,LB,0,7,15,22
2,Dolphins,Julius Wood,S,0,7,15,22
2,Dolphins,NULL,LB,0,4,11,15
2,Dolphins,Max Llewellyn,DE,0,2,3,5
2,Dolphins,Seydou Traore,TE,0,0,20,20
2,Dolphins,Riley Patterson,K,0,0,7,7
2,Dolphins,Bradley Pinion,P,0,0,8,8
2,Dolphins,Reese Taylor,CB,0,0,6,6
2,Dolphins,Andrew Meyer,OG,0,0,2,2
2,Dolphins,Jarrett Kingston,OG,0,0,6,6
2,Dolphins,Jaylin Simpson,CB,0,0,6,6
2,Dolphins,Tucker Addington,LS,0,0,8,8
2,Vikings,Justin Jefferson,WR,51,0,0,51
2,Vikings,Brian O'Neill,OT,51,0,0,51
2,Vikings,Blake Brandel,C,51,0,3,54
2,Vikings,Carson Wentz,QB,51,0,0,51
2,Vikings,Donovan Jackson,OG,51,0,3,54
2,Vikings,Christian Darrisaw,OT,51,0,0,51
2,Vikings,Will Fries,OG,51,0,3,54
2,Vikings,Jordan Addison,WR,46,0,0,46
2,Vikings,Aaron Jones Sr.,RB,41,0,0,41
2,Vikings,T.J. Hockenson,TE,35,0,0,35
2,Vikings,Josh Oliver,TE,30,0,5,35
2,Vikings,Myles Price,WR,26,0,6,32
2,Vikings,Max Bredeson,FB,16,0,8,24
2,Vikings,DeeJay Dallas,RB,8,0,15,23
2,Vikings,Demond Claiborne,RB,2,0,0,2
2,Vikings,Byron Murphy Jr.,CB,0,70,0,70
2,Vikings,Josh Metellus,S,0,70,1,71
2,Vikings,Isaiah Rodgers,CB,0,68,2,70
2,Vikings,Eric Wilson,LB,0,63,3,66
2,Vikings,Blake Cashman,LB,0,62,1,63
2,Vikings,Jalen Redmond,DT,0,60,2,62
2,Vikings,Andrew Van Ginkel,LB,0,60,0,60
2,Vikings,Levi Drake Rodriguez,DT,0,56,3,59
2,Vikings,Dallas Turner,LB,0,55,0,55
2,Vikings,Theo Jackson,S,0,47,2,49
2,Vikings,Caleb Banks,DT,0,33,3,36
2,Vikings,Harrison Smith,S,0,28,0,28
2,Vikings,James Pierre,CB,0,25,4,29
2,Vikings,Domonique Orange,DT,0,24,3,27
2,Vikings,Kyle Van Noy,LB,0,18,0,18
2,Vikings,Ivan Pace Jr.,LB,0,14,18,32
2,Vikings,Tyrion Ingram-Dawkins,DE,0,10,3,13
2,Vikings,Jacob Thomas,S,0,7,14,21
2,Vikings,Jay Ward,S,0,0,12,12
2,Vikings,Joe Huber,OG,0,0,3,3
2,Vikings,Chaz Chambliss,LB,0,0,15,15
2,Vikings,Jake Golday,LB,0,0,15,15
2,Vikings,Tai Felton,WR,0,0,14,14
2,Vikings,Will Reichard,K,0,0,7,7
2,Vikings,Bo Richter,LB,0,0,17,17
2,Vikings,Gavin Bartholomew,TE,0,0,10,10
2,Vikings,Dillon Bell,WR,0,0,3,3
2,Vikings,Trevor Keegan,OG,0,0,3,3
2,Vikings,Brett Thorson,P,0,0,9,9
2,Vikings,Andrew DePaola,LS,0,0,9,9
2,Vikings,Ryan Van Demark,OT,0,0,3,3
2,Vikings,Charles Demmings,CB,0,0,9,9
2,Patriots,Drake Maye,QB,53,0,0,53
2,Patriots,Alijah Vera-Tucker,OG,53,0,5,58
2,Patriots,Jared Wilson,C,53,0,0,53
2,Patriots,Will Campbell,OT,53,0,5,58
2,Patriots,Hunter Henry,TE,49,0,0,49
2,Patriots,Morgan Moses,OT,49,0,0,49
2,Patriots,Greg Van Roten,OG,39,0,5,44
2,Patriots,Mack Hollins,WR,37,0,1,38
2,Patriots,Romeo Doubs,WR,35,0,0,35
2,Patriots,TreVeyon Henderson,RB,32,0,0,32
2,Patriots,Demario Douglas,WR,24,0,0,24
2,Patriots,Reggie Gilliam,FB,20,0,14,34
2,Patriots,Rhamondre Stevenson,RB,19,0,0,19
2,Patriots,Mike Onwenu,OG,14,0,1,15
2,Patriots,Cameron Latu,TE,14,0,21,35
2,Patriots,Kyle Williams,WR,11,0,1,12
2,Patriots,Eli Raridon,TE,10,0,0,10
2,Patriots,Efton Chism III,WR,10,0,8,18
2,Patriots,Corey Kiner,RB,4,0,0,4
2,Patriots,Caleb Lomu,OT,4,0,5,9
2,Patriots,Robert Spillane,LB,0,67,2,69
2,Patriots,Christian Gonzalez,CB,0,67,0,67
2,Patriots,Kevin Byard III,S,0,67,0,67
2,Patriots,Christian Elliss,LB,0,67,0,67
2,Patriots,Marcus Jones,CB,0,66,8,74
2,Patriots,Charles Woods,CB,0,57,11,68
2,Patriots,Elijah Ponder,LB,0,51,9,60
2,Patriots,Gabe Jacas,LB,0,46,12,58
2,Patriots,Craig Woodson,S,0,44,5,49
2,Patriots,Milton Williams,DT,0,41,4,45
2,Patriots,Cory Durden,DT,0,34,9,43
2,Patriots,Christian Barmore,DT,0,33,4,37
2,Patriots,Jaylen Reed,S,0,27,18,45
2,Patriots,Joshua Farmer,DT,0,24,0,24
2,Patriots,Dre'Mont Jones,LB,0,18,0,18
2,Patriots,Quintayvious Hutchins,DE,0,16,9,25
2,Patriots,DaQuan Jones,DT,0,10,0,10
2,Patriots,Channing Canada,CB,0,2,16,18
2,Patriots,Mitch Wishnowsky,P,0,0,9,9
2,Patriots,Julian Ashby,LS,0,0,9,9
2,Patriots,Andres Borregales,K,0,0,10,10
2,Patriots,Dell Pettus,S,0,0,8,8
2,Patriots,Darius Muasau,LB,0,0,16,16
2,Patriots,Erick Hunter,LB,0,0,12,12
2,Patriots,Ben Brown,C,0,0,5,5
2,Patriots,Karon Prunty,CB,0,0,13,13
2,Patriots,Namdi Obiazor,LB,0,0,20,20
2,Saints,David Edwards,OG,64,0,4,69
2,Saints,Taliese Fuaga,OT,64,0,4,69
2,Saints,Cesar Ruiz,OG,64,0,4,69
2,Saints,Erik McCoy,C,64,0,1,66
2,Saints,Tyler Shough,QB,63,0,0,64
2,Saints,Devaughn Vele,WR,61,0,0,62
2,Saints,Bryce Lance,WR,49,0,0,50
2,Saints,Kelvin Banks Jr.,OT,38,0,3,41
2,Saints,Travis Etienne,RB,34,0,0,35
2,Saints,Juwan Johnson,TE,31,0,4,36
2,Saints,Noah Fant,TE,29,0,0,30
2,Saints,Asim Richards,OT,26,0,4,31
2,Saints,CJ Donaldson,RB,20,0,14,34
2,Saints,Alvin Kamara,RB,19,0,0,19
2,Saints,Oscar Delp,TE,9,0,6,15
2,Saints,Kevin Austin Jr.,WR,5,0,4,9
2,Saints,Treyton Welch,TE,5,0,7,12
2,Saints,Barion Brown,WR,2,0,7,9
2,Saints,Kool-Aid McKinstry,CB,0,56,0,56
2,Saints,Julian Blackmon,S,0,56,9,65
2,Saints,Kaden Elliss,LB,0,56,1,57
2,Saints,Justin Reid,S,0,56,4,60
2,Saints,Pete Werner,LB,0,52,4,56
2,Saints,Quincy Riley,CB,0,50,2,52
2,Saints,Chase Young,DE,0,39,0,39
2,Saints,Carl Granderson,DE,0,39,5,44
2,Saints,Nathan Shepherd,DT,0,38,4,42
2,Saints,Jonas Sanker,S,0,33,7,40
2,Saints,Vernon Broughton,DT,0,32,3,35
2,Saints,Cameron Jordan,DE,0,27,0,27
2,Saints,Davon Godchaux,DT,0,22,0,22
2,Saints,Khristian Boyd,DT,0,19,0,19
2,Saints,Anfernee Jennings,DE,0,16,15,31
2,Saints,Colby Wooden,DT,0,15,4,19
2,Saints,Martin Emerson Jr.,CB,0,6,1,7
2,Saints,Chris Rumph II,LB,0,2,19,21
2,Saints,Danny Stutsman,LB,0,2,19,21
2,Saints,Mike Reid,CB,0,0,15,15
2,Saints,Jordan Howden,S,0,0,18,18
2,Saints,Ryan Wright,P,0,0,7,7
2,Saints,William Sherman,OT,0,0,4,4
2,Saints,Jeremiah Wright,OG,0,0,4,4
2,Saints,Scott Daly,LS,0,0,7,7
2,Saints,Daniel Carlson,K,0,0,9,9
2,Saints,Tyree Wilson,DE,0,0,10,10
2,Saints,Jayden Price,CB,0,0,19,19
2,Giants,John Michael Schmitz,C,55,0,0,55
2,Giants,Jermaine Eluemunor,OT,55,0,2,57
2,Giants,Andrew Thomas,OT,55,0,0,55
2,Giants,Francis Mauigoa,OG,55,0,2,57
2,Giants,Jon Runyan Jr.,OG,55,0,2,57
2,Giants,Jameis Winston,QB,48,0,0,48
2,Giants,Malachi Fields,WR,46,0,7,53
2,Giants,Malik Nabers,WR,42,0,0,42
2,Giants,Darnell Mooney,WR,40,0,0,40
2,Giants,Isaiah Likely,TE,39,0,0,39
2,Giants,Cam Skattebo,RB,33,0,0,33
2,Giants,Patrick Ricard,FB,16,0,5,21
2,Giants,Chris Manhertz,TE,16,0,7,23
2,Giants,Theo Johnson,TE,14,0,12,26
2,Giants,Devin Singletary,RB,14,0,0,14
2,Giants,Najee Harris,RB,8,0,0,8
2,Giants,Jaxson Dart,QB,7,0,0,7
2,Giants,Braxton Berrios,WR,5,0,8,13
2,Giants,Odell Beckham Jr.,WR,2,0,0,2
2,Giants,Tremaine Edmunds,LB,0,60,0,60
2,Giants,Jevon Holland,S,0,60,3,63
2,Giants,Colton Hood,CB,0,60,0,60
2,Giants,Tyler Nubin,S,0,60,11,71
2,Giants,Arvell Reese,LB,0,58,6,64
2,Giants,Greg Newsome II,CB,0,58,5,63
2,Giants,Abdul Carter,LB,0,54,0,54
2,Giants,Brian Burns,LB,0,41,5,46
2,Giants,Chauncey Golston,DE,0,38,10,48
2,Giants,D.J. Reader,DT,0,32,1,33
2,Giants,Kayvon Thibodeaux,DE,0,30,5,35
2,Giants,Andru Phillips,CB,0,29,1,30
2,Giants,Shelby Harris,DT,0,28,6,34
2,Giants,Josh Tupou,DT,0,25,0,25
2,Giants,C.J. Okoye,DT,0,22,6,28
2,Giants,Zaire Barnes,LB,0,2,17,19
2,Giants,Nic Jones,CB,0,2,22,24
2,Giants,Ar'Darius Washington,S,0,1,6,7
2,Giants,Elijah Campbell,S,0,0,22,22
2,Giants,Bryan Hudson,C,0,0,2,2
2,Giants,Dominic Zvada,K,0,0,5,5
2,Giants,Malik Harrison,LB,0,0,22,22
2,Giants,Aaron Stinnie,OG,0,0,2,2
2,Giants,Ben Mann,LS,0,0,8,8
2,Giants,Jordan Stout,P,0,0,8,8
2,Giants,Jack Kelly,LB,0,0,21,21
2,Giants,Marcus Mbow,OT,0,0,2,2
2,Giants,Nikko Reed,CB,0,0,6,6
2,Giants,Tyrone Tracy Jr.,RB,0,0,16,16
2,Jets,Armand Membou,OT,72,0,3,75
2,Jets,Geno Smith,QB,72,0,0,72
2,Jets,Olu Fashanu,OT,72,0,3,75
2,Jets,Josh Myers,C,72,0,0,72
2,Jets,Dylan Parham,OG,72,0,3,75
2,Jets,Joe Tippmann,OG,72,0,3,75
2,Jets,Garrett Wilson,WR,63,0,0,63
2,Jets,Adonai Mitchell,WR,59,0,0,59
2,Jets,Isaiah Williams,WR,59,0,11,70
2,Jets,Breece Hall,RB,47,0,0,47
2,Jets,Mason Taylor,TE,32,0,7,39
2,Jets,Kenyon Sadiq,TE,27,0,0,27
2,Jets,Jeremy Ruckert,TE,25,0,10,35
2,Jets,Braelon Allen,RB,22,0,5,27
2,Jets,Jelani Woods,TE,21,0,8,29
2,Jets,Andrew Beck,FB,4,0,22,26
2,Jets,Arian Smith,WR,1,0,15,16
2,Jets,Azareye'h Thomas,CB,0,50,0,50
2,Jets,Demario Davis,LB,0,50,0,50
2,Jets,Andre Cisco,S,0,50,7,57
2,Jets,Jamien Sherwood,LB,0,50,5,55
2,Jets,Dane Belton,S,0,50,8,58
2,Jets,Brandon Stephens,CB,0,50,0,50
2,Jets,David Bailey,LB,0,38,0,38
2,Jets,Kingsley Enagbare,LB,0,36,4,40
2,Jets,Jarvis Brownlee Jr.,CB,0,34,0,34
2,Jets,Jowon Briggs,DT,0,32,7,39
2,Jets,T'Vondre Sweat,DT,0,28,4,32
2,Jets,Harrison Phillips,DT,0,26,3,29
2,Jets,Will McDonald IV,DE,0,19,10,29
2,Jets,Braiden McGregor,LB,0,14,19,33
2,Jets,Darrell Jackson Jr.,DT,0,11,4,15
2,Jets,David Onyemata,DT,0,11,1,12
2,Jets,Malachi Moore,S,0,1,26,27
2,Jets,Jason Sanders,K,0,0,7,7
2,Jets,Troy Reeder,LB,0,0,25,25
2,Jets,Thomas Hennessy,LS,0,0,10,10
2,Jets,Austin McNamara,P,0,0,10,10
2,Jets,Marcelino McCrary-Ball,LB,0,0,6,6
2,Jets,Isaiah Davis,RB,0,0,22,22
2,Jets,Jordan Clark,CB,0,0,7,7
2,Jets,Kiko Mauigoa,LB,0,0,6,6
2,Jets,Max Mitchell,OT,0,0,3,3
2,Jets,Chukwuma Okorafor,OT,0,0,3,3
2,Jets,Nahshon Wright,CB,0,0,6,6
2,Jets,Qwan'tez Stiggers,CB,0,0,26,26
2,Raiders,DJ Glaze,OT,60,0,4,64
2,Raiders,Tyler Linderbaum,C,60,0,0,60
2,Raiders,Kirk Cousins,QB,60,0,0,60
2,Raiders,Spencer Burford,OG,60,0,4,64
2,Raiders,Jackson Powers-Johnson,OG,60,0,4,64
2,Raiders,Kolton Miller,OT,60,0,4,64
2,Raiders,Michael Mayer,TE,50,0,1,51
2,Raiders,Ashton Jeanty,RB,49,0,0,49
2,Raiders,Jalen Nailor,WR,36,0,0,36
2,Raiders,Tre Tucker,WR,35,0,1,36
2,Raiders,Jack Bech,WR,33,0,3,36
2,Raiders,Ian Thomas,TE,29,0,0,29
2,Raiders,Connor Heyward,FB,18,0,12,30
2,Raiders,Dareke Young,WR,12,0,17,29
2,Raiders,Mike Washington Jr.,RB,12,0,0,12
2,Raiders,Dylan Laube,RB,7,0,23,30
2,Raiders,Malik Benson,WR,7,0,5,12
2,Raiders,Cody White,WR,7,0,16,23
2,Raiders,Chris Myarick,TE,3,0,0,3
2,Raiders,Trey Zuhn III,OG,2,0,4,6
2,Raiders,Eric Stokes,CB,0,62,0,62
2,Raiders,Quay Walker,LB,0,62,0,62
2,Raiders,Jeremy Chinn,S,0,62,2,64
2,Raiders,Nakobe Dean,LB,0,58,0,58
2,Raiders,Maxx Crosby,DE,0,54,4,58
2,Raiders,Hezekiah Masses,CB,0,46,0,46
2,Raiders,Tonka Hemingway,DT,0,45,8,53
2,Raiders,Taron Johnson,CB,0,44,1,45
2,Raiders,Kwity Paye,DE,0,36,0,36
2,Raiders,Isaiah Pola-Mao,S,0,32,23,55
2,Raiders,Treydan Stukes,S,0,31,5,36
2,Raiders,Thomas Booker IV,DT,0,25,4,29
2,Raiders,Malcolm Koonce,DE,0,24,0,24
2,Raiders,Jonah Laulu,DT,0,23,4,27
2,Raiders,Tommy Eichenberg,LB,0,22,23,45
2,Raiders,Folorunso Fatukasi,DT,0,22,0,22
2,Raiders,Adam Butler,DT,0,18,0,18
2,Raiders,Jermod McCoy,CB,0,16,3,19
2,Raiders,Cody Lindenberg,LB,0,0,18,18
2,Raiders,Alex Ward,LS,0,0,10,10
2,Raiders,Darrell Luter Jr.,CB,0,0,22,22
2,Raiders,Segun Olubi,LB,0,0,23,23
2,Raiders,Charles Grant,OT,0,0,4,4
2,Raiders,Matt Gay,K,0,0,9,9
2,Raiders,AJ Cole,P,0,0,10,10
2,Raiders,Caleb Rogers,OT,0,0,4,4
2,Raiders,Patrick Johnson,DE,0,0,22,22
2,Eagles,Lane Johnson,OT,72,0,0,72
2,Eagles,Drew Kendall,C,72,0,4,76
2,Eagles,Jordan Mailata,OT,72,0,4,76
2,Eagles,Cam Jurgens,C,72,0,0,72
2,Eagles,Jalen Hurts,QB,72,0,0,72
2,Eagles,Tyler Steen,OG,72,0,4,76
2,Eagles,DeVonta Smith,WR,65,0,0,65
2,Eagles,Makai Lemon,WR,47,0,0,47
2,Eagles,Johnny Mundt,TE,46,0,6,52
2,Eagles,Dontayvion Wicks,WR,45,0,0,45
2,Eagles,Will Shipley,RB,38,0,8,46
2,Eagles,Darius Cooper,WR,29,0,15,44
2,Eagles,Tank Bigsby,RB,24,0,2,26
2,Eagles,E.J. Jenkins,TE,23,0,17,40
2,Eagles,Dallas Goedert,TE,19,0,0,19
2,Eagles,Marquise Brown,WR,14,0,0,14
2,Eagles,Saquon Barkley,RB,10,0,0,10
2,Eagles,Quinyon Mitchell,CB,0,51,0,51
2,Eagles,Zack Baun,LB,0,51,0,51
2,Eagles,Cooper DeJean,CB,0,51,0,51
2,Eagles,Andrew Mukuba,S,0,50,0,50
2,Eagles,Riq Woolen,CB,0,49,4,53
2,Eagles,Jihaad Campbell,LB,0,45,2,47
2,Eagles,Moro Ojomo,DT,0,42,4,46
2,Eagles,Jalyx Hunt,LB,0,40,4,44
2,Eagles,Jalen Carter,DT,0,40,4,44
2,Eagles,Nolan Smith,LB,0,39,0,39
2,Eagles,Marcus Epps,S,0,38,5,43
2,Eagles,Jordan Davis,DT,0,22,8,30
2,Eagles,Arnold Ebiketie,LB,0,15,9,24
2,Eagles,Byron Young,DT,0,11,4,15
2,Eagles,A.J. Epenesa,LB,0,8,5,13
2,Eagles,Michael Carter II,CB,0,4,17,21
2,Eagles,Ty Robinson,DT,0,3,17,20
2,Eagles,Jonathan Jones,CB,0,2,4,6
2,Eagles,Britain Covey,WR,0,0,8,8
2,Eagles,Mac McWilliams,CB,0,0,6,6
2,Eagles,Fred Johnson,OT,0,0,4,4
2,Eagles,Jake Elliott,K,0,0,9,9
2,Eagles,Braden Mann,P,0,0,6,6
2,Eagles,Jeremiah Trotter Jr.,LB,0,0,19,19
2,Eagles,Maximus Pulley,S,0,0,6,6
2,Eagles,Rocco Underwood,LS,0,0,6,6
2,Eagles,Markel Bell,OT,0,0,4,4
2,Eagles,Willie Lampkin,OG,0,0,4,4
2,Eagles,Smael Mondon Jr.,LB,0,0,15,15
2,Eagles,Kelee Ringo,CB,0,0,19,19
2,Steelers,Troy Fautanu,OT,67,0,0,67
2,Steelers,Mason McCormick,OG,67,0,2,69
2,Steelers,Zach Frazier,C,67,0,0,67
2,Steelers,DK Metcalf,WR,65,0,0,65
2,Steelers,Dylan Cook,OT,64,0,2,66
2,Steelers,Aaron Rodgers,QB,64,0,0,64
2,Steelers,Spencer Anderson,OG,64,0,0,64
2,Steelers,Roman Wilson,WR,53,0,0,53
2,Steelers,Germie Bernard,WR,52,0,0,52
2,Steelers,Jaylen Warren,RB,48,0,0,48
2,Steelers,Pat Freiermuth,TE,44,0,5,49
2,Steelers,Darnell Washington,TE,36,0,2,38
2,Steelers,Rico Dowdle,RB,17,0,0,17
2,Steelers,Ben Skowronek,WR,14,0,18,32
2,Steelers,Brock Hoffman,C,3,0,2,5
2,Steelers,Max Iheanachor,OT,3,0,0,3
2,Steelers,Mason Rudolph,QB,3,0,0,3
2,Steelers,Travis Homer,RB,2,0,10,12
2,Steelers,Riley Nowakowski,FB,2,0,18,20
2,Steelers,Robert Tonyan,TE,2,0,5,7
2,Steelers,Asante Samuel Jr.,CB,0,53,0,53
2,Steelers,Patrick Queen,LB,0,53,0,53
2,Steelers,Jalen Ramsey,CB,0,53,0,53
2,Steelers,Jaquan Brisker,S,0,52,0,52
2,Steelers,Jamel Dean,CB,0,45,0,45
2,Steelers,Payton Wilson,LB,0,42,8,50
2,Steelers,Cameron Heyward,DT,0,39,5,44
2,Steelers,Keeanu Benton,DT,0,35,2,37
2,Steelers,Rayshawn Jenkins,S,0,32,5,37
2,Steelers,Derrick Harmon,DT,0,31,7,38
2,Steelers,Alex Highsmith,LB,0,31,0,31
2,Steelers,T.J. Watt,DE,0,30,0,30
2,Steelers,Nick Herbig,LB,0,29,13,42
2,Steelers,Yahya Black,DT,0,20,7,27
2,Steelers,Jack Sawyer,LB,0,18,23,41
2,Steelers,Daylen Everette,CB,0,8,11,19
2,Steelers,Sebastian Joseph-Day,DT,0,7,5,12
2,Steelers,Brandin Echols,CB,0,4,17,21
2,Steelers,Robert Spears-Jennings,S,0,1,23,24
2,Steelers,Cameron Johnston,P,0,0,10,10
2,Steelers,Kaden Wetjen,WR,0,0,9,9
2,Steelers,Cole Holcomb,LB,0,0,18,18
2,Steelers,Ryan McCollum,C,0,0,2,2
2,Steelers,Doneiko Slaughter,CB,0,0,4,4
2,Steelers,Eli Heidenreich,RB,0,0,5,5
2,Steelers,Chris Boswell,K,0,0,3,3
2,Steelers,Carson Bruener,LB,0,0,23,23
2,Steelers,Christian Kuntz,LS,0,0,10,10
2,Chargers,Rashawn Slater,OT,62,0,3,65
2,Chargers,Joe Alt,OT,62,0,3,65
2,Chargers,Jake Slaughter,C,62,0,3,65
2,Chargers,Justin Herbert,QB,62,0,0,62
2,Chargers,Cole Strange,OG,52,0,3,55
2,Chargers,Tre' Harris,WR,50,0,5,55
2,Chargers,Kayode Awosika,OG,49,0,3,52
2,Chargers,Quentin Johnston,WR,49,0,0,49
2,Chargers,Omarion Hampton,RB,40,0,0,40
2,Chargers,Charlie Kolar,TE,40,0,14,54
2,Chargers,Ladd McConkey,WR,28,0,0,28
2,Chargers,Oronde Gadsden,TE,26,0,11,37
2,Chargers,Alec Ingold,FB,26,0,9,35
2,Chargers,Trevor Penning,OG,23,0,3,26
2,Chargers,Keaton Mitchell,RB,15,0,4,19
2,Chargers,Brenen Thompson,WR,12,0,0,12
2,Chargers,David Njoku,TE,11,0,0,11
2,Chargers,Derius Davis,WR,7,0,7,14
2,Chargers,Kimani Vidal,RB,6,0,12,18
2,Chargers,Daiyan Henley,LB,0,50,0,50
2,Chargers,Derwin James Jr.,S,0,49,0,49
2,Chargers,Tarheeb Still,CB,0,48,7,55
2,Chargers,Cam Hart,CB,0,46,8,54
2,Chargers,Tony Jefferson,S,0,45,9,54
2,Chargers,Tuli Tuipulotu,LB,0,43,4,47
2,Chargers,Khalil Mack,LB,0,39,0,39
2,Chargers,Del'Shawn Phillips,LB,0,38,14,52
2,Chargers,Justin Eboigbe,DE,0,35,7,42
2,Chargers,Donte Jackson,CB,0,35,0,35
2,Chargers,Genesis Smith,S,0,35,18,53
2,Chargers,Teair Tart,DT,0,34,0,34
2,Chargers,Jamaree Caldwell,DT,0,34,5,39
2,Chargers,Akheem Mesidor,DE,0,30,15,45
2,Chargers,RJ Mickens,S,0,26,3,29
2,Chargers,Dalvin Tomlinson,DT,0,23,3,26
2,Chargers,Bud Dupree,LB,0,19,8,27
2,Chargers,Troy Dye,LB,0,15,24,39
2,Chargers,Nick Barrett,DT,0,14,2,16
2,Chargers,Rodney Shelley,CB,0,2,15,17
2,Chargers,JK Scott,P,0,0,9,9
2,Chargers,Gary Jennings,WR,0,0,10,10
2,Chargers,Travis Burke,OT,0,0,3,3
2,Chargers,Cameron Dicker,K,0,0,6,6
2,Chargers,Kendall Williamson,S,0,0,20,20
2,Chargers,Marlowe Wax,LB,0,0,19,19
2,Chargers,Josh Harris,LS,0,0,8,8
2,Seahawks,Jalen Sundell,C,67,0,5,72
2,Seahawks,Abraham Lucas,OT,67,0,5,72
2,Seahawks,Drew Lock,QB,67,0,0,67
2,Seahawks,Charles Cross,OT,67,0,5,72
2,Seahawks,Grey Zabel,OG,67,0,5,72
2,Seahawks,AJ Barner,TE,53,0,0,53
2,Seahawks,Jaxon Smith-Njigba,WR,45,0,0,45
2,Seahawks,Christian Haynes,OG,41,0,5,46
2,Seahawks,Rashid Shaheed,WR,37,0,9,46
2,Seahawks,Brady Russell,FB,30,0,22,52
2,Seahawks,Emanuel Wilson,RB,28,0,0,28
2,Seahawks,Cooper Kupp,WR,28,0,0,28
2,Seahawks,Beau Stephens,OG,26,0,5,31
2,Seahawks,Jadarian Price,RB,23,0,0,23
2,Seahawks,Tory Horton,WR,22,0,1,23
2,Seahawks,Nick Kallerup,TE,19,0,15,34
2,Seahawks,George Holani,RB,17,0,17,34
2,Seahawks,Elijah Arroyo,TE,15,0,13,28
2,Seahawks,Eric Saubert,TE,15,0,15,30
2,Seahawks,Josh Jones,OT,2,0,0,2
2,Seahawks,Olu Oluwatimi,C,1,0,0,1
2,Seahawks,Jason Myers,K,1,0,11,12
2,Seahawks,Rodney Thomas II,S,0,47,0,47
2,Seahawks,Josh Jobe,CB,0,45,0,45
2,Seahawks,Devon Witherspoon,CB,0,45,1,46
2,Seahawks,Ernest Jones IV,LB,0,45,1,46
2,Seahawks,Julian Love,S,0,45,1,46
2,Seahawks,Drake Thomas,LB,0,44,2,46
2,Seahawks,Nehemiah Pritchett,CB,0,35,1,36
2,Seahawks,Byron Murphy II,DT,0,32,1,33
2,Seahawks,Leonard Williams,DT,0,32,1,33
2,Seahawks,DeMarcus Lawrence,LB,0,29,1,30
2,Seahawks,Derick Hall,LB,0,28,1,29
2,Seahawks,Uchenna Nwosu,LB,0,21,0,21
2,Seahawks,Jarran Reed,DT,0,20,1,21
2,Seahawks,Rylie Mills,DE,0,15,2,17
2,Seahawks,Dante Fowler Jr.,LB,0,10,1,11
2,Seahawks,Nick Emmanwori,S,0,9,0,9
2,Seahawks,Tyrice Knight,LB,0,7,17,24
2,Seahawks,Patrick O'Connell,LB,0,2,17,19
2,Seahawks,Chazz Surratt,LB,0,2,17,19
2,Seahawks,Julian Neal,CB,0,2,10,12
2,Seahawks,AJ Finley,S,0,2,16,18
2,Seahawks,Michael Dickson,P,0,0,7,7
2,Seahawks,Avery Smith,CB,0,0,14,14
2,Seahawks,Chris Stoll,LS,0,0,7,7
2,Seahawks,Brandon Pili,DT,0,0,1,1
2,49ers,Connor Colby,OG,49,0,5,54
2,49ers,Colton McKivitz,OT,49,0,5,54
2,49ers,Dominick Puni,OG,44,0,5,49
2,49ers,Brock Purdy,QB,42,0,0,42
2,49ers,Jake Brendel,C,42,0,0,42
2,49ers,Trent Williams,OT,42,0,0,42
2,49ers,Deebo Samuel,WR,30,0,2,32
2,49ers,Mike Evans,WR,28,0,0,28
2,49ers,Christian McCaffrey,RB,27,0,0,27
2,49ers,George Kittle,TE,25,0,0,25
2,49ers,Luke Farrell,TE,25,0,16,41
2,49ers,Kyle Juszczyk,FB,23,0,1,24
2,49ers,Jacob Cowing,WR,22,0,5,27
2,49ers,KhaDarel Hodge,WR,17,0,15,32
2,49ers,Demarcus Robinson,WR,16,0,0,16
2,49ers,Kaelon Black,RB,15,0,0,15
2,49ers,Brayden Willis,TE,11,0,20,31
2,49ers,Jarrett Patterson,C,7,0,5,12
2,49ers,Mac Jones,QB,7,0,0,7
2,49ers,Vederian Lowe,OT,7,0,5,12
2,49ers,Jordan James,RB,7,0,8,15
2,49ers,Carver Willis,OT,5,0,5,10
2,49ers,Marques Sigle,S,0,55,10,65
2,49ers,Renardo Green,CB,0,55,0,55
2,49ers,Deommodore Lenoir,CB,0,52,4,56
2,49ers,Ji'Ayir Brown,S,0,52,6,58
2,49ers,Fred Warner,LB,0,46,3,49
2,49ers,Dre Greenlaw,LB,0,39,0,39
2,49ers,Osa Odighizuwa,DT,0,37,4,41
2,49ers,Nick Bosa,DE,0,36,0,36
2,49ers,Gracen Halton,DT,0,30,4,34
2,49ers,Upton Stout,CB,0,30,1,31
2,49ers,Keion White,DE,0,30,4,34
2,49ers,Romello Height,DE,0,29,0,29
2,49ers,C.J. West,DT,0,26,4,30
2,49ers,James Thompson Jr.,DE,0,19,0,19
2,49ers,Jaden Dugger,LB,0,18,9,27
2,49ers,Ogbo Okoronkwo,DE,0,16,0,16
2,49ers,Garret Wallow,LB,0,11,19,30
2,49ers,Khalid Kareem,DE,0,11,0,11
2,49ers,Jack Jones,CB,0,9,4,13
2,49ers,Malik Mustapha,S,0,3,13,16
2,49ers,Luke Gifford,LB,0,1,19,20
2,49ers,Eddy Pineiro,K,0,0,11,11
2,49ers,Corliss Waitman,P,0,0,7,7
2,49ers,Ashtyn Davis,S,0,0,19,19
2,49ers,Siran Neal,CB,0,0,19,19
2,49ers,Jonathan Weeks,LS,0,0,7,7
2,Rams,Steve Avila,OG,60,0,5,65
2,Rams,Alaric Jackson,OT,60,0,5,65
2,Rams,Warren McClendon Jr.,OT,60,0,5,65
2,Rams,Kevin Dotson,OG,60,0,5,65
2,Rams,Matthew Stafford,QB,60,0,0,60
2,Rams,Coleman Shelton,C,60,0,5,65
2,Rams,Konata Mumpfield,WR,42,0,4,46
2,Rams,Colby Parkinson,TE,42,0,0,42
2,Rams,Davante Adams,WR,38,0,0,38
2,Rams,Terrance Ferguson,TE,35,0,3,38
2,Rams,Kyren Williams,RB,33,0,3,36
2,Rams,Davis Allen,TE,31,0,11,42
2,Rams,Blake Corum,RB,27,0,3,30
2,Rams,Xavier Smith,WR,25,0,11,36
2,Rams,Tyler Higbee,TE,16,0,11,27
2,Rams,Tutu Atwell,WR,11,0,0,11
2,Rams,David Quessenberry,OT,1,0,5,6
2,Rams,Trent McDuffie,CB,0,55,2,57
2,Rams,Quentin Lake,S,0,55,9,64
2,Rams,Kam Curl,S,0,55,1,56
2,Rams,Jaylen Watson,CB,0,52,1,53
2,Rams,Nate Landman,LB,0,47,2,49
2,Rams,Josaiah Stewart,LB,0,44,1,45
2,Rams,Byron Young,LB,0,39,1,40
2,Rams,Josh Wallace,CB,0,35,15,50
2,Rams,Kobie Turner,DE,0,32,2,34
2,Rams,Aaron Donald,DT,0,32,1,33
2,Rams,Jaylen McCollough,S,0,29,12,41
2,Rams,Braden Fiske,DE,0,28,6,34
2,Rams,Omar Speights,LB,0,23,9,32
2,Rams,Tyler Davis,DE,0,22,4,26
2,Rams,Wesley Bailey,LB,0,18,9,27
2,Rams,Poona Ford,DT,0,16,3,19
2,Rams,Desjuan Johnson,LB,0,9,7,16
2,Rams,Emmanuel Forbes,CB,0,7,9,16
2,Rams,Ty Hamilton,DT,0,7,0,7
2,Rams,Ronnie Rivers,RB,0,0,2,2
2,Rams,Tanner Ingle,S,0,0,15,15
2,Rams,Elias Neal,LB,0,0,12,12
2,Rams,Harrison Mevis,K,0,0,10,10
2,Rams,Grant Stuard,LB,0,0,17,17
2,Rams,Max Klare,TE,0,0,2,2
2,Rams,Shaun Dolac,LB,0,0,18,18
2,Rams,Ethan Evans,P,0,0,8,8
2,Rams,Joe Cardona,LS,0,0,8,8
2,Buccaneers,Cody Mauch,OG,62,0,5,67
2,Buccaneers,Baker Mayfield,QB,62,0,0,62
2,Buccaneers,Ben Bredeson,OG,62,0,5,67
2,Buccaneers,Tristan Wirfs,OT,62,0,5,67
2,Buccaneers,Luke Goedeke,OT,62,0,5,67
2,Buccaneers,Graham Barton,C,62,0,0,62
2,Buccaneers,Cade Otton,TE,56,0,0,56
2,Buccaneers,Chris Godwin,WR,53,0,0,53
2,Buccaneers,Emeka Egbuka,WR,53,0,0,53
2,Buccaneers,Bucky Irving,RB,48,0,0,48
2,Buccaneers,Ted Hurst,WR,45,0,0,45
2,Buccaneers,Kenneth Gainwell,RB,23,0,12,35
2,Buccaneers,Tez Johnson,WR,19,0,4,23
2,Buccaneers,Jalen McMillan,WR,7,0,0,7
2,Buccaneers,Payne Durham,TE,4,0,19,23
2,Buccaneers,Bauer Sharp,TE,2,0,20,22
2,Buccaneers,Alex Anzalone,LB,0,55,5,60
2,Buccaneers,Antoine Winfield Jr.,S,0,55,4,59
2,Buccaneers,Zyon McCollum,CB,0,55,5,60
2,Buccaneers,Benjamin Morrison,CB,0,55,9,64
2,Buccaneers,Tykee Smith,S,0,54,5,59
2,Buccaneers,Josiah Trotter,LB,0,45,9,54
2,Buccaneers,Calijah Kancey,DT,0,36,5,41
2,Buccaneers,Yaya Diaby,LB,0,35,5,40
2,Buccaneers,Vita Vea,DT,0,35,5,40
2,Buccaneers,Rueben Bain Jr.,DE,0,32,0,32
2,Buccaneers,Keionte Scott,CB,0,31,10,41
2,Buccaneers,A'Shawn Robinson,DT,0,29,5,34
2,Buccaneers,Al-Quadin Muhammad,LB,0,20,0,20
2,Buccaneers,Rakeem Nunez-Roches,DT,0,19,0,19
2,Buccaneers,Elijah Roberts,DT,0,16,0,16
2,Buccaneers,Anthony Nelson,DE,0,15,15,30
2,Buccaneers,David Walker,LB,0,9,10,19
2,Buccaneers,SirVocea Dennis,LB,0,9,20,29
2,Buccaneers,Kevin Knowles,CB,0,0,20,20
2,Buccaneers,Chase McLaughlin,K,0,0,11,11
2,Buccaneers,Ben Chukwuma,OT,0,0,5,5
2,Buccaneers,Ko Kieft,TE,0,0,15,15
2,Buccaneers,Justin Skule,OT,0,0,5,5
2,Buccaneers,Sean Tucker,RB,0,0,1,1
2,Buccaneers,Ifeatu Melifonwu,S,0,0,17,17
2,Buccaneers,Christian Rozeboom,LB,0,0,15,15
2,Buccaneers,Miles Killebrew,S,0,0,20,20
2,Buccaneers,Riley Dixon,P,0,0,9,9
2,Buccaneers,Evan Deckers,LS,0,0,9,9
2,Buccaneers,Kameron Johnson,WR,0,0,16,16
2,Titans,Fernando Carmona Jr.,OG,51,0,0,51
2,Titans,Peter Skoronski,OG,51,0,4,55
2,Titans,Cam Ward,QB,51,0,0,51
2,Titans,Austin Schlottmann,C,51,0,0,51
2,Titans,JC Latham,OT,51,0,4,55
2,Titans,Dan Moore Jr,OT,51,0,4,55
2,Titans,Gunnar Helm,TE,44,0,6,50
2,Titans,Carnell Tate,WR,39,0,0,39
2,Titans,Calvin Ridley,WR,32,0,0,32
2,Titans,Elic Ayomanor,WR,27,0,4,31
2,Titans,Wan'Dale Robinson,WR,27,0,0,27
2,Titans,Tony Pollard,RB,27,0,0,27
2,Titans,Daniel Bellinger,TE,23,0,4,27
2,Titans,Tyjae Spears,RB,19,0,0,19
2,Titans,David Martin-Robinson,TE,6,0,19,25
2,Titans,Nicholas Singleton,RB,6,0,6,12
2,Titans,James Hudson III,OT,3,0,4,7
2,Titans,Chimere Dike,WR,2,0,7,9
2,Titans,Alontae Taylor,CB,0,72,0,72
2,Titans,Amani Hooker,S,0,72,0,72
2,Titans,Micah Robinson,CB,0,72,0,72
2,Titans,Anthony Hill Jr.,LB,0,72,0,72
2,Titans,Kevin Winston Jr.,S,0,72,0,72
2,Titans,Jeffery Simmons,DT,0,62,4,66
2,Titans,Cody Barton,LB,0,56,0,56
2,Titans,Jermaine Johnson II,DE,0,50,4,54
2,Titans,Marcus Harris,CB,0,47,5,52
2,Titans,Jacob Martin,DE,0,47,4,51
2,Titans,John Franklin-Myers,DE,0,30,0,30
2,Titans,Cedric Gray,LB,0,28,14,42
2,Titans,Jordan Elliott,DT,0,23,4,27
2,Titans,Keldric Faulk,DE,0,19,0,19
2,Titans,Solomon Thomas,DT,0,19,0,19
2,Titans,Nazir Stackhouse,DT,0,16,0,16
2,Titans,Oluwafemi Oladejo,DE,0,14,13,27
2,Titans,Truman Jones,LB,0,11,19,30
2,Titans,Erick Hallett II,S,0,10,16,26
2,Titans,Jaylon Jones,CB,0,0,17,17
2,Titans,Owen Pappoe,LB,0,0,19,19
2,Titans,Tommy Townsend,P,0,0,8,8
2,Titans,Pat Coogan,C,0,0,4,4
2,Titans,Terrell Burgess,S,0,0,19,19
2,Titans,Morgan Cox,LS,0,0,8,8
2,Titans,Jackson Slater,OG,0,0,4,4
2,Titans,Julius Chestnut,RB,0,0,15,15
2,Titans,Tony Adams,S,0,0,6,6
2,Titans,Joey Slye,K,0,0,8,8
2,Commanders,Josh Conerly Jr.,OT,67,0,5,72
2,Commanders,Chris Paul,OG,67,0,5,72
2,Commanders,Nick Allegretti,C,67,0,5,72
2,Commanders,Sam Cosmi,OG,64,0,5,69
2,Commanders,Brandon Coleman,OT,57,0,4,61
2,Commanders,Terry McLaurin,WR,47,0,0,47
2,Commanders,Ben Sinnott,TE,45,0,9,54
2,Commanders,Jayden Daniels,QB,38,0,0,38
2,Commanders,Dyami Brown,WR,37,0,0,37
2,Commanders,Rachaad White,RB,36,0,8,44
2,Commanders,Stefon Diggs,WR,32,0,0,32
2,Commanders,Antonio Williams,WR,32,0,0,32
2,Commanders,Marcus Mariota,QB,29,0,0,29
2,Commanders,Jacory Croskey-Merritt,RB,23,0,0,23
2,Commanders,John Bates,TE,22,0,14,36
2,Commanders,Treylon Burks,WR,21,0,1,22
2,Commanders,Colson Yankoff,TE,20,0,20,40
2,Commanders,Andrew Wylie,OG,12,0,5,17
2,Commanders,Jaylin Lane,WR,11,0,9,20
2,Commanders,Kaytron Allen,RB,6,0,0,6
2,Commanders,Matt Gulbin,C,4,0,0,4
2,Commanders,Sonny Styles,LB,0,54,7,61
2,Commanders,Amik Robertson,CB,0,54,0,54
2,Commanders,Nick Cross,S,0,54,0,54
2,Commanders,Jeremy Reaves,S,0,49,13,62
2,Commanders,Mike Sainristil,CB,0,45,13,58
2,Commanders,Leo Chenal,LB,0,44,15,59
2,Commanders,Daron Payne,DT,0,36,6,42
2,Commanders,K'Lavon Chaisson,LB,0,35,7,42
2,Commanders,Odafe Oweh,LB,0,35,0,35
2,Commanders,Javon Kinlaw,DT,0,31,6,37
2,Commanders,Quan Martin,S,0,29,22,51
2,Commanders,Charles Omenihu,DE,0,28,7,35
2,Commanders,Dorance Armstrong,LB,0,23,0,23
2,Commanders,Rasul Douglas,CB,0,23,0,23
2,Commanders,Tim Settle Jr.,DT,0,17,1,18
2,Commanders,Shy Tuttle,DT,0,17,0,17
2,Commanders,Javontae Jean-Baptiste,LB,0,13,6,19
2,Commanders,Joshua Josephs,LB,0,7,1,8
2,Commanders,Fabian Moreau,CB,0,0,4,4
2,Commanders,Lucas Patrick,OG,0,0,1,1
2,Commanders,Tress Way,P,0,0,6,6
2,Commanders,Kain Medrano,LB,0,0,22,22
2,Commanders,Tyler Ott,LS,0,0,6,6
2,Commanders,Ale Kaho,LB,0,0,15,15
2,Commanders,Drew Stevens,K,0,0,10,10
2,Commanders,Percy Butler,S,0,0,15,15
2,Commanders,Tyler Owens,S,0,0,22,22
